/venv/main/lib/python3.12/site-packages/torch/distributed/launch.py:207: FutureWarning: The module torch.distributed.launch is deprecated
and will be removed in future. Use torchrun.
Note that --use-env is set by default in torchrun.
If your script expects `--local-rank` argument to be set, please
change it to read from `os.environ['LOCAL_RANK']` instead. See 
https://pytorch.org/docs/stable/distributed.html#launch-utility for 
further instructions

  main()
W1226 08:05:18.602000 7470 site-packages/torch/distributed/run.py:803] 
W1226 08:05:18.602000 7470 site-packages/torch/distributed/run.py:803] *****************************************
W1226 08:05:18.602000 7470 site-packages/torch/distributed/run.py:803] Setting OMP_NUM_THREADS environment variable for each process to be 1 in default, to avoid your system being overloaded, please further tune the variable for optimal performance in your application as needed. 
W1226 08:05:18.602000 7470 site-packages/torch/distributed/run.py:803] *****************************************
/workspace/FYP_backup/swinface_project/dataset.py:242: FutureWarning: Decorating classes is deprecated and will be disabled in future versions. You should only decorate functions or methods. To preserve the current behavior of class decoration, you can directly decorate the `__init__` method and nothing else.
  @torch.no_grad()
/workspace/FYP_backup/swinface_project/dataset.py:242: FutureWarning: Decorating classes is deprecated and will be disabled in future versions. You should only decorate functions or methods. To preserve the current behavior of class decoration, you can directly decorate the `__init__` method and nothing else.
  @torch.no_grad()
/workspace/FYP_backup/swinface_project/dataset.py:242: FutureWarning: Decorating classes is deprecated and will be disabled in future versions. You should only decorate functions or methods. To preserve the current behavior of class decoration, you can directly decorate the `__init__` method and nothing else.
  @torch.no_grad()
/workspace/FYP_backup/swinface_project/dataset.py:242: FutureWarning: Decorating classes is deprecated and will be disabled in future versions. You should only decorate functions or methods. To preserve the current behavior of class decoration, you can directly decorate the `__init__` method and nothing else.
  @torch.no_grad()
/venv/main/lib/python3.12/site-packages/timm/models/layers/__init__.py:48: FutureWarning: Importing from timm.models.layers is deprecated, please import via timm.layers
  warnings.warn(f"Importing from {__name__} is deprecated, please import via timm.layers", FutureWarning)
/venv/main/lib/python3.12/site-packages/timm/models/layers/__init__.py:48: FutureWarning: Importing from timm.models.layers is deprecated, please import via timm.layers
  warnings.warn(f"Importing from {__name__} is deprecated, please import via timm.layers", FutureWarning)
/venv/main/lib/python3.12/site-packages/timm/models/layers/__init__.py:48: FutureWarning: Importing from timm.models.layers is deprecated, please import via timm.layers
  warnings.warn(f"Importing from {__name__} is deprecated, please import via timm.layers", FutureWarning)
/venv/main/lib/python3.12/site-packages/timm/models/layers/__init__.py:48: FutureWarning: Importing from timm.models.layers is deprecated, please import via timm.layers
  warnings.warn(f"Importing from {__name__} is deprecated, please import via timm.layers", FutureWarning)
Loading Recognition data from ImageFolder: /workspace/FYP_backup/swinface_project/dataset/ms1m-arcface/ms1m-arcface
Loading Recognition data from ImageFolder: /workspace/FYP_backup/swinface_project/dataset/ms1m-arcface/ms1m-arcface
Loading Recognition data from ImageFolder: /workspace/FYP_backup/swinface_project/dataset/ms1m-arcface/ms1m-arcface
Training: 2025-12-26 08:05:24,714-rank_id: 0
Loading Recognition data from ImageFolder: /workspace/FYP_backup/swinface_project/dataset/ms1m-arcface/ms1m-arcface
Recognition dataset loaded: 5822653 images, 85742 classes
Recognition dataset loaded: 5822653 images, 85742 classes
Recognition dataset loaded: 5822653 images, 85742 classes
Recognition dataset loaded: 5822653 images, 85742 classes
Loading Age/Gender dataset: ['IMDB']
AgeGenderDataset.__init__ started, dataset=['IMDB']
  root_path: /workspace/FYP_backup/swinface_project/dataset/imdb-wiki
  sample_num: 5,822,624
到里这一步
到里这一步2
True
到里这一步4
  Adience/MORPH section 1 complete
  After Adience/MORPH: 0 labels
  Entering IMDB loading section...
  Checking for .mat file: /workspace/FYP_backup/swinface_project/dataset/imdb-wiki/imdb_crop/imdb.mat
  File exists: True, SCIPY_AVAILABLE: True
Loading IMDB from .mat file...
  Step 1: Reading .mat file (this may take a minute)...
Loading Age/Gender dataset: ['IMDB']
Loading Age/Gender dataset: ['IMDB']
Loading Age/Gender dataset: ['IMDB']
AgeGenderDataset.__init__ started, dataset=['IMDB']
  root_path: /workspace/FYP_backup/swinface_project/dataset/imdb-wiki
  sample_num: 5,822,624
到里这一步
到里这一步2
True
到里这一步4
  Adience/MORPH section 1 complete
  After Adience/MORPH: 0 labels
  Entering IMDB loading section...
AgeGenderDataset.__init__ started, dataset=['IMDB']
  root_path: /workspace/FYP_backup/swinface_project/dataset/imdb-wiki
  Checking for .mat file: /workspace/FYP_backup/swinface_project/dataset/imdb-wiki/imdb_crop/imdb.mat
  sample_num: 5,822,624
到里这一步
到里这一步2
True
到里这一步4
  Adience/MORPH section 1 complete
  File exists: True, SCIPY_AVAILABLE: True
  After Adience/MORPH: 0 labels
  Entering IMDB loading section...
Loading IMDB from .mat file...
  Step 1: Reading .mat file (this may take a minute)...
  Checking for .mat file: /workspace/FYP_backup/swinface_project/dataset/imdb-wiki/imdb_crop/imdb.mat
  File exists: True, SCIPY_AVAILABLE: True
Loading IMDB from .mat file...
  Step 1: Reading .mat file (this may take a minute)...
AgeGenderDataset.__init__ started, dataset=['IMDB']
  root_path: /workspace/FYP_backup/swinface_project/dataset/imdb-wiki
  sample_num: 5,822,624
到里这一步
到里这一步2
True
到里这一步4
  Adience/MORPH section 1 complete
  After Adience/MORPH: 0 labels
  Entering IMDB loading section...
  Checking for .mat file: /workspace/FYP_backup/swinface_project/dataset/imdb-wiki/imdb_crop/imdb.mat
  File exists: True, SCIPY_AVAILABLE: True
Loading IMDB from .mat file...
  Step 1: Reading .mat file (this may take a minute)...
  Step 2: Extracting data arrays...
  Successfully extracted: 460723 records
  Step 3: Processing 460,723 records, need 5,822,624 samples
  Step 4: Starting to process records (checking files and calculating age/gender)...
  Step 2: Extracting data arrays...
  Successfully extracted: 460723 records
  Step 3: Processing 460,723 records, need 5,822,624 samples
  Step 4: Starting to process records (checking files and calculating age/gender)...
  Step 2: Extracting data arrays...
  Successfully extracted: 460723 records
  Step 3: Processing 460,723 records, need 5,822,624 samples
  Step 4: Starting to process records (checking files and calculating age/gender)...
  Step 2: Extracting data arrays...
  Successfully extracted: 460723 records
  Step 3: Processing 460,723 records, need 5,822,624 samples
  Step 4: Starting to process records (checking files and calculating age/gender)...
  Progress: 50,000/460,723 records processed, 49,981 samples loaded, 49,981 valid, 19 skipped
  Progress: 50,000/460,723 records processed, 49,981 samples loaded, 49,981 valid, 19 skipped
  Progress: 50,000/460,723 records processed, 49,981 samples loaded, 49,981 valid, 19 skipped
  Progress: 50,000/460,723 records processed, 49,981 samples loaded, 49,981 valid, 19 skipped
  Progress: 100,000/460,723 records processed, 99,720 samples loaded, 99,720 valid, 280 skipped
  Progress: 100,000/460,723 records processed, 99,720 samples loaded, 99,720 valid, 280 skipped
  Progress: 100,000/460,723 records processed, 99,720 samples loaded, 99,720 valid, 280 skipped
  Progress: 100,000/460,723 records processed, 99,720 samples loaded, 99,720 valid, 280 skipped
  Progress: 150,000/460,723 records processed, 149,497 samples loaded, 149,497 valid, 503 skipped
  Progress: 150,000/460,723 records processed, 149,497 samples loaded, 149,497 valid, 503 skipped
  Progress: 150,000/460,723 records processed, 149,497 samples loaded, 149,497 valid, 503 skipped
  Progress: 150,000/460,723 records processed, 149,497 samples loaded, 149,497 valid, 503 skipped
  Progress: 200,000/460,723 records processed, 198,528 samples loaded, 198,528 valid, 1,472 skipped
  Progress: 200,000/460,723 records processed, 198,528 samples loaded, 198,528 valid, 1,472 skipped
  Progress: 200,000/460,723 records processed, 198,528 samples loaded, 198,528 valid, 1,472 skipped
  Progress: 200,000/460,723 records processed, 198,528 samples loaded, 198,528 valid, 1,472 skipped
  Progress: 250,000/460,723 records processed, 247,212 samples loaded, 247,212 valid, 2,788 skipped
  Progress: 250,000/460,723 records processed, 247,212 samples loaded, 247,212 valid, 2,788 skipped
  Progress: 250,000/460,723 records processed, 247,212 samples loaded, 247,212 valid, 2,788 skipped
  Progress: 250,000/460,723 records processed, 247,212 samples loaded, 247,212 valid, 2,788 skipped
  Progress: 300,000/460,723 records processed, 295,674 samples loaded, 295,674 valid, 4,326 skipped
  Progress: 300,000/460,723 records processed, 295,674 samples loaded, 295,674 valid, 4,326 skipped
  Progress: 300,000/460,723 records processed, 295,674 samples loaded, 295,674 valid, 4,326 skipped
  Progress: 300,000/460,723 records processed, 295,674 samples loaded, 295,674 valid, 4,326 skipped
  Progress: 350,000/460,723 records processed, 344,225 samples loaded, 344,225 valid, 5,775 skipped
  Progress: 350,000/460,723 records processed, 344,225 samples loaded, 344,225 valid, 5,775 skipped
  Progress: 350,000/460,723 records processed, 344,225 samples loaded, 344,225 valid, 5,775 skipped
  Progress: 350,000/460,723 records processed, 344,225 samples loaded, 344,225 valid, 5,775 skipped
  Progress: 400,000/460,723 records processed, 392,918 samples loaded, 392,918 valid, 7,082 skipped
  Progress: 400,000/460,723 records processed, 392,918 samples loaded, 392,918 valid, 7,082 skipped
  Progress: 400,000/460,723 records processed, 392,918 samples loaded, 392,918 valid, 7,082 skipped
  Progress: 400,000/460,723 records processed, 392,918 samples loaded, 392,918 valid, 7,082 skipped
  Progress: 450,000/460,723 records processed, 441,253 samples loaded, 441,253 valid, 8,747 skipped
  Progress: 450,000/460,723 records processed, 441,253 samples loaded, 441,253 valid, 8,747 skipped
  Progress: 450,000/460,723 records processed, 441,253 samples loaded, 441,253 valid, 8,747 skipped
  Progress: 450,000/460,723 records processed, 441,253 samples loaded, 441,253 valid, 8,747 skipped
  ⚠️  Warning: Only loaded 451,724 samples (need 5,822,624), data may be insufficient
  ✓ IMDB loading complete: 451,724 samples, 451,724 valid, 8,999 skipped
  ⚠️  Warning: Only loaded 451,724 samples (need 5,822,624), data may be insufficient
  ✓ IMDB loading complete: 451,724 samples, 451,724 valid, 8,999 skipped
  ⚠️  Warning: Only loaded 451,724 samples (need 5,822,624), data may be insufficient
  ✓ IMDB loading complete: 451,724 samples, 451,724 valid, 8,999 skipped
  ⚠️  Warning: Only loaded 451,724 samples (need 5,822,624), data may be insufficient
  ✓ IMDB loading complete: 451,724 samples, 451,724 valid, 8,999 skipped
Age/Gender dataset loaded: 451724 samples
Loading CelebA dataset...
Age/Gender dataset loaded: 451724 samples
Age/Gender dataset loaded: 451724 samples
Age/Gender dataset loaded: 451724 samples
Loading CelebA dataset...
Loading CelebA dataset...
Loading CelebA dataset...
CelebA dataset loaded: 5822624 samples
CelebA dataset loaded: 5822624 samples
Loading Expression (AffectNet) dataset...
Loading AffectNet: 28,176 lines, need 5,822,624 samples
AffectNet loading: 10,000/5,822,624 samples (iteration 1, line 22,430/28,176)
AffectNet loading: 20,000/5,822,624 samples (iteration 2, line 15,254/28,176)
AffectNet loading: 20,000/5,822,624 samples (iteration 2, line 15,255/28,176)
AffectNet loading: 30,000/5,822,624 samples (iteration 3, line 7,565/28,176)
AffectNet loading: 40,000/5,822,624 samples (iteration 3, line 26,748/28,176)
AffectNet loading: 50,000/5,822,624 samples (iteration 4, line 20,437/28,176)
AffectNet loading: 50,000/5,822,624 samples (iteration 4, line 20,438/28,176)
AffectNet loading: 50,000/5,822,624 samples (iteration 4, line 20,439/28,176)
AffectNet loading: 60,000/5,822,624 samples (iteration 5, line 13,510/28,176)
AffectNet loading: 70,000/5,822,624 samples (iteration 6, line 2,643/28,176)
AffectNet loading: 80,000/5,822,624 samples (iteration 6, line 23,429/28,176)
AffectNet loading: 80,000/5,822,624 samples (iteration 6, line 23,430/28,176)
AffectNet loading: 90,000/5,822,624 samples (iteration 7, line 18,652/28,176)
AffectNet loading: 100,000/5,822,624 samples (iteration 8, line 10,120/28,176)
AffectNet loading: 110,000/5,822,624 samples (iteration 8, line 27,747/28,176)
CelebA dataset loaded: 5822624 samples
Loading Expression (AffectNet) dataset...
Loading Expression (AffectNet) dataset...
Loading AffectNet: 28,176 lines, need 5,822,624 samples
Loading AffectNet: 28,176 lines, need 5,822,624 samples
AffectNet loading: 120,000/5,822,624 samples (iteration 9, line 21,995/28,176)
AffectNet loading: 10,000/5,822,624 samples (iteration 1, line 22,430/28,176)
AffectNet loading: 10,000/5,822,624 samples (iteration 1, line 22,430/28,176)
AffectNet loading: 130,000/5,822,624 samples (iteration 10, line 14,733/28,176)
AffectNet loading: 20,000/5,822,624 samples (iteration 2, line 15,254/28,176)
AffectNet loading: 20,000/5,822,624 samples (iteration 2, line 15,255/28,176)
AffectNet loading: 20,000/5,822,624 samples (iteration 2, line 15,254/28,176)
AffectNet loading: 20,000/5,822,624 samples (iteration 2, line 15,255/28,176)
AffectNet loading: 140,000/5,822,624 samples (iteration 11, line 7,134/28,176)
AffectNet loading: 30,000/5,822,624 samples (iteration 3, line 7,565/28,176)
AffectNet loading: 30,000/5,822,624 samples (iteration 3, line 7,565/28,176)
AffectNet loading: 150,000/5,822,624 samples (iteration 11, line 26,318/28,176)
CelebA dataset loaded: 5822624 samples
Loading Expression (AffectNet) dataset...
Loading AffectNet: 28,176 lines, need 5,822,624 samples
AffectNet loading: 40,000/5,822,624 samples (iteration 3, line 26,748/28,176)
AffectNet loading: 40,000/5,822,624 samples (iteration 3, line 26,748/28,176)
AffectNet loading: 160,000/5,822,624 samples (iteration 12, line 19,890/28,176)
AffectNet loading: 10,000/5,822,624 samples (iteration 1, line 22,430/28,176)
AffectNet loading: 50,000/5,822,624 samples (iteration 4, line 20,437/28,176)
AffectNet loading: 50,000/5,822,624 samples (iteration 4, line 20,438/28,176)
AffectNet loading: 50,000/5,822,624 samples (iteration 4, line 20,439/28,176)
AffectNet loading: 50,000/5,822,624 samples (iteration 4, line 20,437/28,176)
AffectNet loading: 50,000/5,822,624 samples (iteration 4, line 20,438/28,176)
AffectNet loading: 50,000/5,822,624 samples (iteration 4, line 20,439/28,176)
AffectNet loading: 170,000/5,822,624 samples (iteration 13, line 11,110/28,176)
AffectNet loading: 20,000/5,822,624 samples (iteration 2, line 15,254/28,176)
AffectNet loading: 20,000/5,822,624 samples (iteration 2, line 15,255/28,176)
AffectNet loading: 60,000/5,822,624 samples (iteration 5, line 13,510/28,176)
AffectNet loading: 180,000/5,822,624 samples (iteration 14, line 2,208/28,176)
AffectNet loading: 60,000/5,822,624 samples (iteration 5, line 13,510/28,176)
AffectNet loading: 30,000/5,822,624 samples (iteration 3, line 7,565/28,176)
AffectNet loading: 70,000/5,822,624 samples (iteration 6, line 2,643/28,176)
AffectNet loading: 70,000/5,822,624 samples (iteration 6, line 2,643/28,176)
AffectNet loading: 190,000/5,822,624 samples (iteration 14, line 23,003/28,176)
AffectNet loading: 40,000/5,822,624 samples (iteration 3, line 26,748/28,176)
AffectNet loading: 80,000/5,822,624 samples (iteration 6, line 23,429/28,176)
AffectNet loading: 80,000/5,822,624 samples (iteration 6, line 23,430/28,176)
AffectNet loading: 80,000/5,822,624 samples (iteration 6, line 23,429/28,176)
AffectNet loading: 80,000/5,822,624 samples (iteration 6, line 23,430/28,176)
AffectNet loading: 200,000/5,822,624 samples (iteration 15, line 18,039/28,176)
AffectNet loading: 50,000/5,822,624 samples (iteration 4, line 20,437/28,176)
AffectNet loading: 50,000/5,822,624 samples (iteration 4, line 20,438/28,176)
AffectNet loading: 50,000/5,822,624 samples (iteration 4, line 20,439/28,176)
AffectNet loading: 90,000/5,822,624 samples (iteration 7, line 18,652/28,176)
AffectNet loading: 210,000/5,822,624 samples (iteration 16, line 8,134/28,176)
AffectNet loading: 90,000/5,822,624 samples (iteration 7, line 18,652/28,176)
AffectNet loading: 100,000/5,822,624 samples (iteration 8, line 10,120/28,176)
AffectNet loading: 60,000/5,822,624 samples (iteration 5, line 13,510/28,176)
AffectNet loading: 100,000/5,822,624 samples (iteration 8, line 10,120/28,176)
AffectNet loading: 220,000/5,822,624 samples (iteration 16, line 27,314/28,176)
AffectNet loading: 110,000/5,822,624 samples (iteration 8, line 27,747/28,176)
AffectNet loading: 70,000/5,822,624 samples (iteration 6, line 2,643/28,176)
AffectNet loading: 110,000/5,822,624 samples (iteration 8, line 27,747/28,176)
AffectNet loading: 230,000/5,822,624 samples (iteration 17, line 21,557/28,176)
AffectNet loading: 120,000/5,822,624 samples (iteration 9, line 21,995/28,176)
AffectNet loading: 80,000/5,822,624 samples (iteration 6, line 23,429/28,176)
AffectNet loading: 80,000/5,822,624 samples (iteration 6, line 23,430/28,176)
AffectNet loading: 120,000/5,822,624 samples (iteration 9, line 21,995/28,176)
AffectNet loading: 240,000/5,822,624 samples (iteration 18, line 14,203/28,176)
AffectNet loading: 130,000/5,822,624 samples (iteration 10, line 14,733/28,176)
AffectNet loading: 130,000/5,822,624 samples (iteration 10, line 14,733/28,176)
AffectNet loading: 250,000/5,822,624 samples (iteration 19, line 4,857/28,176)
AffectNet loading: 90,000/5,822,624 samples (iteration 7, line 18,652/28,176)
AffectNet loading: 140,000/5,822,624 samples (iteration 11, line 7,134/28,176)
AffectNet loading: 260,000/5,822,624 samples (iteration 19, line 24,009/28,176)
AffectNet loading: 140,000/5,822,624 samples (iteration 11, line 7,134/28,176)
AffectNet loading: 100,000/5,822,624 samples (iteration 8, line 10,120/28,176)
AffectNet loading: 150,000/5,822,624 samples (iteration 11, line 26,318/28,176)
AffectNet loading: 110,000/5,822,624 samples (iteration 8, line 27,747/28,176)
AffectNet loading: 150,000/5,822,624 samples (iteration 11, line 26,318/28,176)
AffectNet loading: 270,000/5,822,624 samples (iteration 20, line 19,353/28,176)
AffectNet loading: 270,000/5,822,624 samples (iteration 20, line 19,354/28,176)
AffectNet loading: 160,000/5,822,624 samples (iteration 12, line 19,890/28,176)
AffectNet loading: 160,000/5,822,624 samples (iteration 12, line 19,890/28,176)
AffectNet loading: 280,000/5,822,624 samples (iteration 21, line 10,683/28,176)
AffectNet loading: 120,000/5,822,624 samples (iteration 9, line 21,995/28,176)
AffectNet loading: 170,000/5,822,624 samples (iteration 13, line 11,110/28,176)
AffectNet loading: 170,000/5,822,624 samples (iteration 13, line 11,110/28,176)
AffectNet loading: 290,000/5,822,624 samples (iteration 22, line 1,770/28,176)
AffectNet loading: 130,000/5,822,624 samples (iteration 10, line 14,733/28,176)
AffectNet loading: 180,000/5,822,624 samples (iteration 14, line 2,208/28,176)
AffectNet loading: 180,000/5,822,624 samples (iteration 14, line 2,208/28,176)
AffectNet loading: 300,000/5,822,624 samples (iteration 22, line 22,572/28,176)
AffectNet loading: 140,000/5,822,624 samples (iteration 11, line 7,134/28,176)
AffectNet loading: 190,000/5,822,624 samples (iteration 14, line 23,003/28,176)
AffectNet loading: 190,000/5,822,624 samples (iteration 14, line 23,003/28,176)
AffectNet loading: 310,000/5,822,624 samples (iteration 23, line 15,434/28,176)
AffectNet loading: 310,000/5,822,624 samples (iteration 23, line 15,435/28,176)
AffectNet loading: 150,000/5,822,624 samples (iteration 11, line 26,318/28,176)
AffectNet loading: 200,000/5,822,624 samples (iteration 15, line 18,039/28,176)
AffectNet loading: 320,000/5,822,624 samples (iteration 24, line 7,703/28,176)
AffectNet loading: 200,000/5,822,624 samples (iteration 15, line 18,039/28,176)
AffectNet loading: 160,000/5,822,624 samples (iteration 12, line 19,890/28,176)
AffectNet loading: 210,000/5,822,624 samples (iteration 16, line 8,134/28,176)
AffectNet loading: 210,000/5,822,624 samples (iteration 16, line 8,134/28,176)
AffectNet loading: 330,000/5,822,624 samples (iteration 24, line 26,888/28,176)
AffectNet loading: 170,000/5,822,624 samples (iteration 13, line 11,110/28,176)
AffectNet loading: 220,000/5,822,624 samples (iteration 16, line 27,314/28,176)
AffectNet loading: 220,000/5,822,624 samples (iteration 16, line 27,314/28,176)
AffectNet loading: 180,000/5,822,624 samples (iteration 14, line 2,208/28,176)
AffectNet loading: 340,000/5,822,624 samples (iteration 25, line 20,612/28,176)
AffectNet loading: 230,000/5,822,624 samples (iteration 17, line 21,557/28,176)
AffectNet loading: 190,000/5,822,624 samples (iteration 14, line 23,003/28,176)
AffectNet loading: 350,000/5,822,624 samples (iteration 26, line 13,667/28,176)
AffectNet loading: 230,000/5,822,624 samples (iteration 17, line 21,557/28,176)
AffectNet loading: 240,000/5,822,624 samples (iteration 18, line 14,203/28,176)
AffectNet loading: 360,000/5,822,624 samples (iteration 27, line 2,786/28,176)
AffectNet loading: 240,000/5,822,624 samples (iteration 18, line 14,203/28,176)
AffectNet loading: 200,000/5,822,624 samples (iteration 15, line 18,039/28,176)
AffectNet loading: 250,000/5,822,624 samples (iteration 19, line 4,857/28,176)
AffectNet loading: 370,000/5,822,624 samples (iteration 27, line 23,572/28,176)
AffectNet loading: 250,000/5,822,624 samples (iteration 19, line 4,857/28,176)
AffectNet loading: 210,000/5,822,624 samples (iteration 16, line 8,134/28,176)
AffectNet loading: 260,000/5,822,624 samples (iteration 19, line 24,009/28,176)
AffectNet loading: 260,000/5,822,624 samples (iteration 19, line 24,009/28,176)
AffectNet loading: 220,000/5,822,624 samples (iteration 16, line 27,314/28,176)
AffectNet loading: 380,000/5,822,624 samples (iteration 28, line 18,821/28,176)
AffectNet loading: 270,000/5,822,624 samples (iteration 20, line 19,353/28,176)
AffectNet loading: 270,000/5,822,624 samples (iteration 20, line 19,354/28,176)
AffectNet loading: 390,000/5,822,624 samples (iteration 29, line 10,257/28,176)
AffectNet loading: 270,000/5,822,624 samples (iteration 20, line 19,353/28,176)
AffectNet loading: 270,000/5,822,624 samples (iteration 20, line 19,354/28,176)
AffectNet loading: 230,000/5,822,624 samples (iteration 17, line 21,557/28,176)
AffectNet loading: 280,000/5,822,624 samples (iteration 21, line 10,683/28,176)
AffectNet loading: 400,000/5,822,624 samples (iteration 29, line 27,885/28,176)
AffectNet loading: 280,000/5,822,624 samples (iteration 21, line 10,683/28,176)
AffectNet loading: 240,000/5,822,624 samples (iteration 18, line 14,203/28,176)
AffectNet loading: 290,000/5,822,624 samples (iteration 22, line 1,770/28,176)
AffectNet loading: 290,000/5,822,624 samples (iteration 22, line 1,770/28,176)
AffectNet loading: 250,000/5,822,624 samples (iteration 19, line 4,857/28,176)
AffectNet loading: 410,000/5,822,624 samples (iteration 30, line 22,136/28,176)
AffectNet loading: 300,000/5,822,624 samples (iteration 22, line 22,572/28,176)
AffectNet loading: 260,000/5,822,624 samples (iteration 19, line 24,009/28,176)
AffectNet loading: 300,000/5,822,624 samples (iteration 22, line 22,572/28,176)
AffectNet loading: 420,000/5,822,624 samples (iteration 31, line 14,897/28,176)
AffectNet loading: 310,000/5,822,624 samples (iteration 23, line 15,434/28,176)
AffectNet loading: 310,000/5,822,624 samples (iteration 23, line 15,435/28,176)
AffectNet loading: 310,000/5,822,624 samples (iteration 23, line 15,434/28,176)
AffectNet loading: 310,000/5,822,624 samples (iteration 23, line 15,435/28,176)
AffectNet loading: 270,000/5,822,624 samples (iteration 20, line 19,353/28,176)
AffectNet loading: 270,000/5,822,624 samples (iteration 20, line 19,354/28,176)
AffectNet loading: 430,000/5,822,624 samples (iteration 32, line 7,272/28,176)
AffectNet loading: 320,000/5,822,624 samples (iteration 24, line 7,703/28,176)
AffectNet loading: 280,000/5,822,624 samples (iteration 21, line 10,683/28,176)
AffectNet loading: 320,000/5,822,624 samples (iteration 24, line 7,703/28,176)
AffectNet loading: 440,000/5,822,624 samples (iteration 32, line 26,457/28,176)
AffectNet loading: 330,000/5,822,624 samples (iteration 24, line 26,888/28,176)
AffectNet loading: 290,000/5,822,624 samples (iteration 22, line 1,770/28,176)
AffectNet loading: 330,000/5,822,624 samples (iteration 24, line 26,888/28,176)
AffectNet loading: 450,000/5,822,624 samples (iteration 33, line 20,063/28,176)
AffectNet loading: 340,000/5,822,624 samples (iteration 25, line 20,612/28,176)
AffectNet loading: 300,000/5,822,624 samples (iteration 22, line 22,572/28,176)
AffectNet loading: 340,000/5,822,624 samples (iteration 25, line 20,612/28,176)
AffectNet loading: 460,000/5,822,624 samples (iteration 34, line 13,157/28,176)
AffectNet loading: 350,000/5,822,624 samples (iteration 26, line 13,667/28,176)
AffectNet loading: 310,000/5,822,624 samples (iteration 23, line 15,434/28,176)
AffectNet loading: 310,000/5,822,624 samples (iteration 23, line 15,435/28,176)
AffectNet loading: 470,000/5,822,624 samples (iteration 35, line 2,348/28,176)
AffectNet loading: 350,000/5,822,624 samples (iteration 26, line 13,667/28,176)
AffectNet loading: 360,000/5,822,624 samples (iteration 27, line 2,786/28,176)
AffectNet loading: 320,000/5,822,624 samples (iteration 24, line 7,703/28,176)
AffectNet loading: 360,000/5,822,624 samples (iteration 27, line 2,786/28,176)
AffectNet loading: 480,000/5,822,624 samples (iteration 35, line 23,140/28,176)
AffectNet loading: 370,000/5,822,624 samples (iteration 27, line 23,572/28,176)
AffectNet loading: 330,000/5,822,624 samples (iteration 24, line 26,888/28,176)
AffectNet loading: 370,000/5,822,624 samples (iteration 27, line 23,572/28,176)
AffectNet loading: 490,000/5,822,624 samples (iteration 36, line 18,216/28,176)
AffectNet loading: 380,000/5,822,624 samples (iteration 28, line 18,821/28,176)
AffectNet loading: 340,000/5,822,624 samples (iteration 25, line 20,612/28,176)
AffectNet loading: 500,000/5,822,624 samples (iteration 37, line 9,832/28,176)
AffectNet loading: 380,000/5,822,624 samples (iteration 28, line 18,821/28,176)
AffectNet loading: 390,000/5,822,624 samples (iteration 29, line 10,257/28,176)
AffectNet loading: 510,000/5,822,624 samples (iteration 37, line 27,454/28,176)
AffectNet loading: 350,000/5,822,624 samples (iteration 26, line 13,667/28,176)
AffectNet loading: 390,000/5,822,624 samples (iteration 29, line 10,257/28,176)
AffectNet loading: 400,000/5,822,624 samples (iteration 29, line 27,885/28,176)
AffectNet loading: 360,000/5,822,624 samples (iteration 27, line 2,786/28,176)
AffectNet loading: 400,000/5,822,624 samples (iteration 29, line 27,885/28,176)
AffectNet loading: 520,000/5,822,624 samples (iteration 38, line 21,699/28,176)
AffectNet loading: 410,000/5,822,624 samples (iteration 30, line 22,136/28,176)
AffectNet loading: 370,000/5,822,624 samples (iteration 27, line 23,572/28,176)
AffectNet loading: 530,000/5,822,624 samples (iteration 39, line 14,385/28,176)
AffectNet loading: 410,000/5,822,624 samples (iteration 30, line 22,136/28,176)
AffectNet loading: 420,000/5,822,624 samples (iteration 31, line 14,897/28,176)
AffectNet loading: 540,000/5,822,624 samples (iteration 40, line 5,312/28,176)
AffectNet loading: 380,000/5,822,624 samples (iteration 28, line 18,821/28,176)
AffectNet loading: 420,000/5,822,624 samples (iteration 31, line 14,897/28,176)
AffectNet loading: 430,000/5,822,624 samples (iteration 32, line 7,272/28,176)
AffectNet loading: 550,000/5,822,624 samples (iteration 40, line 24,148/28,176)
AffectNet loading: 390,000/5,822,624 samples (iteration 29, line 10,257/28,176)
AffectNet loading: 430,000/5,822,624 samples (iteration 32, line 7,272/28,176)
AffectNet loading: 440,000/5,822,624 samples (iteration 32, line 26,457/28,176)
AffectNet loading: 400,000/5,822,624 samples (iteration 29, line 27,885/28,176)
AffectNet loading: 560,000/5,822,624 samples (iteration 41, line 19,524/28,176)
AffectNet loading: 440,000/5,822,624 samples (iteration 32, line 26,457/28,176)
AffectNet loading: 450,000/5,822,624 samples (iteration 33, line 20,063/28,176)
AffectNet loading: 410,000/5,822,624 samples (iteration 30, line 22,136/28,176)
AffectNet loading: 570,000/5,822,624 samples (iteration 42, line 10,820/28,176)
AffectNet loading: 450,000/5,822,624 samples (iteration 33, line 20,063/28,176)
AffectNet loading: 460,000/5,822,624 samples (iteration 34, line 13,157/28,176)
AffectNet loading: 420,000/5,822,624 samples (iteration 31, line 14,897/28,176)
AffectNet loading: 580,000/5,822,624 samples (iteration 43, line 1,913/28,176)
AffectNet loading: 460,000/5,822,624 samples (iteration 34, line 13,157/28,176)
AffectNet loading: 470,000/5,822,624 samples (iteration 35, line 2,348/28,176)
AffectNet loading: 430,000/5,822,624 samples (iteration 32, line 7,272/28,176)
AffectNet loading: 590,000/5,822,624 samples (iteration 43, line 22,712/28,176)
AffectNet loading: 470,000/5,822,624 samples (iteration 35, line 2,348/28,176)
AffectNet loading: 480,000/5,822,624 samples (iteration 35, line 23,140/28,176)
AffectNet loading: 440,000/5,822,624 samples (iteration 32, line 26,457/28,176)
AffectNet loading: 600,000/5,822,624 samples (iteration 44, line 16,157/28,176)
AffectNet loading: 480,000/5,822,624 samples (iteration 35, line 23,140/28,176)
AffectNet loading: 490,000/5,822,624 samples (iteration 36, line 18,216/28,176)
AffectNet loading: 450,000/5,822,624 samples (iteration 33, line 20,063/28,176)
AffectNet loading: 610,000/5,822,624 samples (iteration 45, line 7,842/28,176)
AffectNet loading: 490,000/5,822,624 samples (iteration 36, line 18,216/28,176)
AffectNet loading: 500,000/5,822,624 samples (iteration 37, line 9,832/28,176)
AffectNet loading: 620,000/5,822,624 samples (iteration 45, line 27,026/28,176)
AffectNet loading: 460,000/5,822,624 samples (iteration 34, line 13,157/28,176)
AffectNet loading: 500,000/5,822,624 samples (iteration 37, line 9,832/28,176)
AffectNet loading: 510,000/5,822,624 samples (iteration 37, line 27,454/28,176)
AffectNet loading: 470,000/5,822,624 samples (iteration 35, line 2,348/28,176)
AffectNet loading: 630,000/5,822,624 samples (iteration 46, line 21,259/28,176)
AffectNet loading: 510,000/5,822,624 samples (iteration 37, line 27,454/28,176)
AffectNet loading: 520,000/5,822,624 samples (iteration 38, line 21,699/28,176)
AffectNet loading: 480,000/5,822,624 samples (iteration 35, line 23,140/28,176)
AffectNet loading: 640,000/5,822,624 samples (iteration 47, line 13,848/28,176)
AffectNet loading: 640,000/5,822,624 samples (iteration 47, line 13,849/28,176)
AffectNet loading: 640,000/5,822,624 samples (iteration 47, line 13,850/28,176)
AffectNet loading: 520,000/5,822,624 samples (iteration 38, line 21,699/28,176)
AffectNet loading: 530,000/5,822,624 samples (iteration 39, line 14,385/28,176)
AffectNet loading: 650,000/5,822,624 samples (iteration 48, line 2,928/28,176)
AffectNet loading: 490,000/5,822,624 samples (iteration 36, line 18,216/28,176)
AffectNet loading: 530,000/5,822,624 samples (iteration 39, line 14,385/28,176)
AffectNet loading: 540,000/5,822,624 samples (iteration 40, line 5,312/28,176)
AffectNet loading: 500,000/5,822,624 samples (iteration 37, line 9,832/28,176)
AffectNet loading: 660,000/5,822,624 samples (iteration 48, line 23,712/28,176)
AffectNet loading: 540,000/5,822,624 samples (iteration 40, line 5,312/28,176)
AffectNet loading: 550,000/5,822,624 samples (iteration 40, line 24,148/28,176)
AffectNet loading: 510,000/5,822,624 samples (iteration 37, line 27,454/28,176)
AffectNet loading: 550,000/5,822,624 samples (iteration 40, line 24,148/28,176)
AffectNet loading: 670,000/5,822,624 samples (iteration 49, line 18,993/28,176)
AffectNet loading: 670,000/5,822,624 samples (iteration 49, line 18,994/28,176)
AffectNet loading: 560,000/5,822,624 samples (iteration 41, line 19,524/28,176)
AffectNet loading: 520,000/5,822,624 samples (iteration 38, line 21,699/28,176)
AffectNet loading: 680,000/5,822,624 samples (iteration 50, line 10,396/28,176)
AffectNet loading: 560,000/5,822,624 samples (iteration 41, line 19,524/28,176)
AffectNet loading: 570,000/5,822,624 samples (iteration 42, line 10,820/28,176)
AffectNet loading: 530,000/5,822,624 samples (iteration 39, line 14,385/28,176)
AffectNet loading: 690,000/5,822,624 samples (iteration 50, line 28,024/28,176)
AffectNet loading: 570,000/5,822,624 samples (iteration 42, line 10,820/28,176)
AffectNet loading: 580,000/5,822,624 samples (iteration 43, line 1,913/28,176)
AffectNet loading: 540,000/5,822,624 samples (iteration 40, line 5,312/28,176)
AffectNet loading: 700,000/5,822,624 samples (iteration 51, line 22,275/28,176)
AffectNet loading: 580,000/5,822,624 samples (iteration 43, line 1,913/28,176)
AffectNet loading: 590,000/5,822,624 samples (iteration 43, line 22,712/28,176)
AffectNet loading: 550,000/5,822,624 samples (iteration 40, line 24,148/28,176)
AffectNet loading: 710,000/5,822,624 samples (iteration 52, line 15,066/28,176)
AffectNet loading: 590,000/5,822,624 samples (iteration 43, line 22,712/28,176)
AffectNet loading: 600,000/5,822,624 samples (iteration 44, line 16,157/28,176)
AffectNet loading: 560,000/5,822,624 samples (iteration 41, line 19,524/28,176)
AffectNet loading: 720,000/5,822,624 samples (iteration 53, line 7,412/28,176)
AffectNet loading: 600,000/5,822,624 samples (iteration 44, line 16,157/28,176)
AffectNet loading: 610,000/5,822,624 samples (iteration 45, line 7,842/28,176)
AffectNet loading: 570,000/5,822,624 samples (iteration 42, line 10,820/28,176)
AffectNet loading: 730,000/5,822,624 samples (iteration 53, line 26,596/28,176)
AffectNet loading: 610,000/5,822,624 samples (iteration 45, line 7,842/28,176)
AffectNet loading: 620,000/5,822,624 samples (iteration 45, line 27,026/28,176)
AffectNet loading: 580,000/5,822,624 samples (iteration 43, line 1,913/28,176)
AffectNet loading: 740,000/5,822,624 samples (iteration 54, line 20,234/28,176)
AffectNet loading: 620,000/5,822,624 samples (iteration 45, line 27,026/28,176)
AffectNet loading: 630,000/5,822,624 samples (iteration 46, line 21,259/28,176)
AffectNet loading: 590,000/5,822,624 samples (iteration 43, line 22,712/28,176)
AffectNet loading: 750,000/5,822,624 samples (iteration 55, line 13,321/28,176)
AffectNet loading: 630,000/5,822,624 samples (iteration 46, line 21,259/28,176)
AffectNet loading: 640,000/5,822,624 samples (iteration 47, line 13,848/28,176)
AffectNet loading: 640,000/5,822,624 samples (iteration 47, line 13,849/28,176)
AffectNet loading: 640,000/5,822,624 samples (iteration 47, line 13,850/28,176)
AffectNet loading: 760,000/5,822,624 samples (iteration 56, line 2,490/28,176)
AffectNet loading: 600,000/5,822,624 samples (iteration 44, line 16,157/28,176)
AffectNet loading: 640,000/5,822,624 samples (iteration 47, line 13,848/28,176)
AffectNet loading: 640,000/5,822,624 samples (iteration 47, line 13,849/28,176)
AffectNet loading: 640,000/5,822,624 samples (iteration 47, line 13,850/28,176)
AffectNet loading: 650,000/5,822,624 samples (iteration 48, line 2,928/28,176)
AffectNet loading: 610,000/5,822,624 samples (iteration 45, line 7,842/28,176)
AffectNet loading: 770,000/5,822,624 samples (iteration 56, line 23,278/28,176)
AffectNet loading: 650,000/5,822,624 samples (iteration 48, line 2,928/28,176)
AffectNet loading: 660,000/5,822,624 samples (iteration 48, line 23,712/28,176)
AffectNet loading: 620,000/5,822,624 samples (iteration 45, line 27,026/28,176)
AffectNet loading: 780,000/5,822,624 samples (iteration 57, line 18,387/28,176)
AffectNet loading: 660,000/5,822,624 samples (iteration 48, line 23,712/28,176)
AffectNet loading: 670,000/5,822,624 samples (iteration 49, line 18,993/28,176)
AffectNet loading: 670,000/5,822,624 samples (iteration 49, line 18,994/28,176)
AffectNet loading: 630,000/5,822,624 samples (iteration 46, line 21,259/28,176)
AffectNet loading: 790,000/5,822,624 samples (iteration 58, line 9,970/28,176)
AffectNet loading: 670,000/5,822,624 samples (iteration 49, line 18,993/28,176)
AffectNet loading: 670,000/5,822,624 samples (iteration 49, line 18,994/28,176)
AffectNet loading: 680,000/5,822,624 samples (iteration 50, line 10,396/28,176)
AffectNet loading: 800,000/5,822,624 samples (iteration 58, line 27,595/28,176)
AffectNet loading: 640,000/5,822,624 samples (iteration 47, line 13,848/28,176)
AffectNet loading: 640,000/5,822,624 samples (iteration 47, line 13,849/28,176)
AffectNet loading: 640,000/5,822,624 samples (iteration 47, line 13,850/28,176)
AffectNet loading: 680,000/5,822,624 samples (iteration 50, line 10,396/28,176)
AffectNet loading: 690,000/5,822,624 samples (iteration 50, line 28,024/28,176)
AffectNet loading: 650,000/5,822,624 samples (iteration 48, line 2,928/28,176)
AffectNet loading: 810,000/5,822,624 samples (iteration 59, line 21,840/28,176)
AffectNet loading: 690,000/5,822,624 samples (iteration 50, line 28,024/28,176)
AffectNet loading: 700,000/5,822,624 samples (iteration 51, line 22,275/28,176)
AffectNet loading: 660,000/5,822,624 samples (iteration 48, line 23,712/28,176)
AffectNet loading: 820,000/5,822,624 samples (iteration 60, line 14,548/28,176)
AffectNet loading: 700,000/5,822,624 samples (iteration 51, line 22,275/28,176)
AffectNet loading: 710,000/5,822,624 samples (iteration 52, line 15,066/28,176)
AffectNet loading: 830,000/5,822,624 samples (iteration 61, line 5,758/28,176)
AffectNet loading: 830,000/5,822,624 samples (iteration 61, line 5,759/28,176)
AffectNet loading: 830,000/5,822,624 samples (iteration 61, line 5,760/28,176)
AffectNet loading: 670,000/5,822,624 samples (iteration 49, line 18,993/28,176)
AffectNet loading: 670,000/5,822,624 samples (iteration 49, line 18,994/28,176)
AffectNet loading: 710,000/5,822,624 samples (iteration 52, line 15,066/28,176)
AffectNet loading: 720,000/5,822,624 samples (iteration 53, line 7,412/28,176)
AffectNet loading: 840,000/5,822,624 samples (iteration 61, line 26,166/28,176)
AffectNet loading: 680,000/5,822,624 samples (iteration 50, line 10,396/28,176)
AffectNet loading: 720,000/5,822,624 samples (iteration 53, line 7,412/28,176)
AffectNet loading: 730,000/5,822,624 samples (iteration 53, line 26,596/28,176)
AffectNet loading: 850,000/5,822,624 samples (iteration 62, line 19,697/28,176)
AffectNet loading: 690,000/5,822,624 samples (iteration 50, line 28,024/28,176)
AffectNet loading: 730,000/5,822,624 samples (iteration 53, line 26,596/28,176)
AffectNet loading: 740,000/5,822,624 samples (iteration 54, line 20,234/28,176)
AffectNet loading: 860,000/5,822,624 samples (iteration 63, line 10,959/28,176)
AffectNet loading: 700,000/5,822,624 samples (iteration 51, line 22,275/28,176)
AffectNet loading: 740,000/5,822,624 samples (iteration 54, line 20,234/28,176)
AffectNet loading: 750,000/5,822,624 samples (iteration 55, line 13,321/28,176)
AffectNet loading: 870,000/5,822,624 samples (iteration 64, line 2,053/28,176)
AffectNet loading: 710,000/5,822,624 samples (iteration 52, line 15,066/28,176)
AffectNet loading: 750,000/5,822,624 samples (iteration 55, line 13,321/28,176)
AffectNet loading: 760,000/5,822,624 samples (iteration 56, line 2,490/28,176)
AffectNet loading: 880,000/5,822,624 samples (iteration 64, line 22,852/28,176)
AffectNet loading: 720,000/5,822,624 samples (iteration 53, line 7,412/28,176)
AffectNet loading: 760,000/5,822,624 samples (iteration 56, line 2,490/28,176)
AffectNet loading: 770,000/5,822,624 samples (iteration 56, line 23,278/28,176)
AffectNet loading: 890,000/5,822,624 samples (iteration 65, line 17,843/28,176)
AffectNet loading: 730,000/5,822,624 samples (iteration 53, line 26,596/28,176)
AffectNet loading: 770,000/5,822,624 samples (iteration 56, line 23,278/28,176)
AffectNet loading: 780,000/5,822,624 samples (iteration 57, line 18,387/28,176)
AffectNet loading: 900,000/5,822,624 samples (iteration 66, line 7,981/28,176)
AffectNet loading: 740,000/5,822,624 samples (iteration 54, line 20,234/28,176)
AffectNet loading: 780,000/5,822,624 samples (iteration 57, line 18,387/28,176)
AffectNet loading: 790,000/5,822,624 samples (iteration 58, line 9,970/28,176)
AffectNet loading: 910,000/5,822,624 samples (iteration 66, line 27,163/28,176)
AffectNet loading: 750,000/5,822,624 samples (iteration 55, line 13,321/28,176)
AffectNet loading: 790,000/5,822,624 samples (iteration 58, line 9,970/28,176)
AffectNet loading: 800,000/5,822,624 samples (iteration 58, line 27,595/28,176)
AffectNet loading: 920,000/5,822,624 samples (iteration 67, line 21,401/28,176)
AffectNet loading: 760,000/5,822,624 samples (iteration 56, line 2,490/28,176)
AffectNet loading: 800,000/5,822,624 samples (iteration 58, line 27,595/28,176)
AffectNet loading: 810,000/5,822,624 samples (iteration 59, line 21,840/28,176)
AffectNet loading: 930,000/5,822,624 samples (iteration 68, line 14,017/28,176)
AffectNet loading: 770,000/5,822,624 samples (iteration 56, line 23,278/28,176)
AffectNet loading: 810,000/5,822,624 samples (iteration 59, line 21,840/28,176)
AffectNet loading: 820,000/5,822,624 samples (iteration 60, line 14,548/28,176)
AffectNet loading: 940,000/5,822,624 samples (iteration 69, line 4,389/28,176)
AffectNet loading: 940,000/5,822,624 samples (iteration 69, line 4,390/28,176)
AffectNet loading: 780,000/5,822,624 samples (iteration 57, line 18,387/28,176)
AffectNet loading: 820,000/5,822,624 samples (iteration 60, line 14,548/28,176)
AffectNet loading: 830,000/5,822,624 samples (iteration 61, line 5,758/28,176)
AffectNet loading: 830,000/5,822,624 samples (iteration 61, line 5,759/28,176)
AffectNet loading: 830,000/5,822,624 samples (iteration 61, line 5,760/28,176)
AffectNet loading: 950,000/5,822,624 samples (iteration 69, line 23,853/28,176)
AffectNet loading: 790,000/5,822,624 samples (iteration 58, line 9,970/28,176)
AffectNet loading: 830,000/5,822,624 samples (iteration 61, line 5,758/28,176)
AffectNet loading: 830,000/5,822,624 samples (iteration 61, line 5,759/28,176)
AffectNet loading: 830,000/5,822,624 samples (iteration 61, line 5,760/28,176)
AffectNet loading: 840,000/5,822,624 samples (iteration 61, line 26,166/28,176)
AffectNet loading: 960,000/5,822,624 samples (iteration 70, line 19,165/28,176)
AffectNet loading: 800,000/5,822,624 samples (iteration 58, line 27,595/28,176)
AffectNet loading: 840,000/5,822,624 samples (iteration 61, line 26,166/28,176)
AffectNet loading: 850,000/5,822,624 samples (iteration 62, line 19,697/28,176)
AffectNet loading: 970,000/5,822,624 samples (iteration 71, line 10,533/28,176)
AffectNet loading: 810,000/5,822,624 samples (iteration 59, line 21,840/28,176)
AffectNet loading: 850,000/5,822,624 samples (iteration 62, line 19,697/28,176)
AffectNet loading: 860,000/5,822,624 samples (iteration 63, line 10,959/28,176)
AffectNet loading: 980,000/5,822,624 samples (iteration 71, line 28,162/28,176)
AffectNet loading: 820,000/5,822,624 samples (iteration 60, line 14,548/28,176)
AffectNet loading: 860,000/5,822,624 samples (iteration 63, line 10,959/28,176)
AffectNet loading: 870,000/5,822,624 samples (iteration 64, line 2,053/28,176)
AffectNet loading: 990,000/5,822,624 samples (iteration 72, line 22,415/28,176)
AffectNet loading: 990,000/5,822,624 samples (iteration 72, line 22,416/28,176)
AffectNet loading: 830,000/5,822,624 samples (iteration 61, line 5,758/28,176)
AffectNet loading: 830,000/5,822,624 samples (iteration 61, line 5,759/28,176)
AffectNet loading: 830,000/5,822,624 samples (iteration 61, line 5,760/28,176)
AffectNet loading: 870,000/5,822,624 samples (iteration 64, line 2,053/28,176)
AffectNet loading: 880,000/5,822,624 samples (iteration 64, line 22,852/28,176)
AffectNet loading: 1,000,000/5,822,624 samples (iteration 73, line 15,238/28,176)
AffectNet loading: 840,000/5,822,624 samples (iteration 61, line 26,166/28,176)
AffectNet loading: 880,000/5,822,624 samples (iteration 64, line 22,852/28,176)
AffectNet loading: 890,000/5,822,624 samples (iteration 65, line 17,843/28,176)
AffectNet loading: 1,010,000/5,822,624 samples (iteration 74, line 7,551/28,176)
AffectNet loading: 850,000/5,822,624 samples (iteration 62, line 19,697/28,176)
AffectNet loading: 890,000/5,822,624 samples (iteration 65, line 17,843/28,176)
AffectNet loading: 900,000/5,822,624 samples (iteration 66, line 7,981/28,176)
AffectNet loading: 1,020,000/5,822,624 samples (iteration 74, line 26,734/28,176)
AffectNet loading: 860,000/5,822,624 samples (iteration 63, line 10,959/28,176)
AffectNet loading: 900,000/5,822,624 samples (iteration 66, line 7,981/28,176)
AffectNet loading: 910,000/5,822,624 samples (iteration 66, line 27,163/28,176)
AffectNet loading: 1,030,000/5,822,624 samples (iteration 75, line 20,418/28,176)
AffectNet loading: 1,030,000/5,822,624 samples (iteration 75, line 20,419/28,176)
AffectNet loading: 870,000/5,822,624 samples (iteration 64, line 2,053/28,176)
AffectNet loading: 910,000/5,822,624 samples (iteration 66, line 27,163/28,176)
AffectNet loading: 920,000/5,822,624 samples (iteration 67, line 21,401/28,176)
AffectNet loading: 1,040,000/5,822,624 samples (iteration 76, line 13,493/28,176)
AffectNet loading: 880,000/5,822,624 samples (iteration 64, line 22,852/28,176)
AffectNet loading: 920,000/5,822,624 samples (iteration 67, line 21,401/28,176)
AffectNet loading: 930,000/5,822,624 samples (iteration 68, line 14,017/28,176)
AffectNet loading: 1,050,000/5,822,624 samples (iteration 77, line 2,630/28,176)
AffectNet loading: 890,000/5,822,624 samples (iteration 65, line 17,843/28,176)
AffectNet loading: 930,000/5,822,624 samples (iteration 68, line 14,017/28,176)
AffectNet loading: 940,000/5,822,624 samples (iteration 69, line 4,389/28,176)
AffectNet loading: 940,000/5,822,624 samples (iteration 69, line 4,390/28,176)
AffectNet loading: 1,060,000/5,822,624 samples (iteration 77, line 23,416/28,176)
AffectNet loading: 900,000/5,822,624 samples (iteration 66, line 7,981/28,176)
AffectNet loading: 940,000/5,822,624 samples (iteration 69, line 4,389/28,176)
AffectNet loading: 940,000/5,822,624 samples (iteration 69, line 4,390/28,176)
AffectNet loading: 950,000/5,822,624 samples (iteration 69, line 23,853/28,176)
AffectNet loading: 1,070,000/5,822,624 samples (iteration 78, line 18,636/28,176)
AffectNet loading: 1,070,000/5,822,624 samples (iteration 78, line 18,637/28,176)
AffectNet loading: 1,070,000/5,822,624 samples (iteration 78, line 18,638/28,176)
AffectNet loading: 910,000/5,822,624 samples (iteration 66, line 27,163/28,176)
AffectNet loading: 950,000/5,822,624 samples (iteration 69, line 23,853/28,176)
AffectNet loading: 960,000/5,822,624 samples (iteration 70, line 19,165/28,176)
AffectNet loading: 1,080,000/5,822,624 samples (iteration 79, line 10,107/28,176)
AffectNet loading: 920,000/5,822,624 samples (iteration 67, line 21,401/28,176)
AffectNet loading: 960,000/5,822,624 samples (iteration 70, line 19,165/28,176)
AffectNet loading: 970,000/5,822,624 samples (iteration 71, line 10,533/28,176)
AffectNet loading: 1,090,000/5,822,624 samples (iteration 79, line 27,734/28,176)
AffectNet loading: 930,000/5,822,624 samples (iteration 68, line 14,017/28,176)
AffectNet loading: 980,000/5,822,624 samples (iteration 71, line 28,162/28,176)
AffectNet loading: 970,000/5,822,624 samples (iteration 71, line 10,533/28,176)
AffectNet loading: 1,100,000/5,822,624 samples (iteration 80, line 21,982/28,176)
AffectNet loading: 940,000/5,822,624 samples (iteration 69, line 4,389/28,176)
AffectNet loading: 940,000/5,822,624 samples (iteration 69, line 4,390/28,176)
AffectNet loading: 980,000/5,822,624 samples (iteration 71, line 28,162/28,176)
AffectNet loading: 990,000/5,822,624 samples (iteration 72, line 22,415/28,176)
AffectNet loading: 990,000/5,822,624 samples (iteration 72, line 22,416/28,176)
AffectNet loading: 1,110,000/5,822,624 samples (iteration 81, line 14,719/28,176)
AffectNet loading: 950,000/5,822,624 samples (iteration 69, line 23,853/28,176)
AffectNet loading: 1,000,000/5,822,624 samples (iteration 73, line 15,238/28,176)
AffectNet loading: 990,000/5,822,624 samples (iteration 72, line 22,415/28,176)
AffectNet loading: 990,000/5,822,624 samples (iteration 72, line 22,416/28,176)
AffectNet loading: 1,120,000/5,822,624 samples (iteration 82, line 7,121/28,176)
AffectNet loading: 960,000/5,822,624 samples (iteration 70, line 19,165/28,176)
AffectNet loading: 1,010,000/5,822,624 samples (iteration 74, line 7,551/28,176)
AffectNet loading: 1,000,000/5,822,624 samples (iteration 73, line 15,238/28,176)
AffectNet loading: 1,130,000/5,822,624 samples (iteration 82, line 26,304/28,176)
AffectNet loading: 970,000/5,822,624 samples (iteration 71, line 10,533/28,176)
AffectNet loading: 1,020,000/5,822,624 samples (iteration 74, line 26,734/28,176)
AffectNet loading: 1,010,000/5,822,624 samples (iteration 74, line 7,551/28,176)
AffectNet loading: 1,140,000/5,822,624 samples (iteration 83, line 19,873/28,176)
AffectNet loading: 980,000/5,822,624 samples (iteration 71, line 28,162/28,176)
AffectNet loading: 1,030,000/5,822,624 samples (iteration 75, line 20,418/28,176)
AffectNet loading: 1,030,000/5,822,624 samples (iteration 75, line 20,419/28,176)
AffectNet loading: 1,020,000/5,822,624 samples (iteration 74, line 26,734/28,176)
AffectNet loading: 1,150,000/5,822,624 samples (iteration 84, line 11,097/28,176)
AffectNet loading: 990,000/5,822,624 samples (iteration 72, line 22,415/28,176)
AffectNet loading: 990,000/5,822,624 samples (iteration 72, line 22,416/28,176)
AffectNet loading: 1,040,000/5,822,624 samples (iteration 76, line 13,493/28,176)
AffectNet loading: 1,030,000/5,822,624 samples (iteration 75, line 20,418/28,176)
AffectNet loading: 1,030,000/5,822,624 samples (iteration 75, line 20,419/28,176)
AffectNet loading: 1,160,000/5,822,624 samples (iteration 85, line 2,194/28,176)
AffectNet loading: 1,000,000/5,822,624 samples (iteration 73, line 15,238/28,176)
AffectNet loading: 1,050,000/5,822,624 samples (iteration 77, line 2,630/28,176)
AffectNet loading: 1,040,000/5,822,624 samples (iteration 76, line 13,493/28,176)
AffectNet loading: 1,170,000/5,822,624 samples (iteration 85, line 22,989/28,176)
AffectNet loading: 1,010,000/5,822,624 samples (iteration 74, line 7,551/28,176)
AffectNet loading: 1,060,000/5,822,624 samples (iteration 77, line 23,416/28,176)
AffectNet loading: 1,050,000/5,822,624 samples (iteration 77, line 2,630/28,176)
AffectNet loading: 1,180,000/5,822,624 samples (iteration 86, line 18,022/28,176)
AffectNet loading: 1,020,000/5,822,624 samples (iteration 74, line 26,734/28,176)
AffectNet loading: 1,070,000/5,822,624 samples (iteration 78, line 18,636/28,176)
AffectNet loading: 1,070,000/5,822,624 samples (iteration 78, line 18,637/28,176)
AffectNet loading: 1,070,000/5,822,624 samples (iteration 78, line 18,638/28,176)
AffectNet loading: 1,060,000/5,822,624 samples (iteration 77, line 23,416/28,176)
AffectNet loading: 1,190,000/5,822,624 samples (iteration 87, line 8,120/28,176)
AffectNet loading: 1,030,000/5,822,624 samples (iteration 75, line 20,418/28,176)
AffectNet loading: 1,030,000/5,822,624 samples (iteration 75, line 20,419/28,176)
AffectNet loading: 1,080,000/5,822,624 samples (iteration 79, line 10,107/28,176)
AffectNet loading: 1,070,000/5,822,624 samples (iteration 78, line 18,636/28,176)
AffectNet loading: 1,070,000/5,822,624 samples (iteration 78, line 18,637/28,176)
AffectNet loading: 1,070,000/5,822,624 samples (iteration 78, line 18,638/28,176)
AffectNet loading: 1,200,000/5,822,624 samples (iteration 87, line 27,301/28,176)
AffectNet loading: 1,040,000/5,822,624 samples (iteration 76, line 13,493/28,176)
AffectNet loading: 1,090,000/5,822,624 samples (iteration 79, line 27,734/28,176)
AffectNet loading: 1,080,000/5,822,624 samples (iteration 79, line 10,107/28,176)
AffectNet loading: 1,210,000/5,822,624 samples (iteration 88, line 21,543/28,176)
AffectNet loading: 1,050,000/5,822,624 samples (iteration 77, line 2,630/28,176)
AffectNet loading: 1,100,000/5,822,624 samples (iteration 80, line 21,982/28,176)
AffectNet loading: 1,090,000/5,822,624 samples (iteration 79, line 27,734/28,176)
AffectNet loading: 1,220,000/5,822,624 samples (iteration 89, line 14,188/28,176)
AffectNet loading: 1,060,000/5,822,624 samples (iteration 77, line 23,416/28,176)
AffectNet loading: 1,110,000/5,822,624 samples (iteration 81, line 14,719/28,176)
AffectNet loading: 1,100,000/5,822,624 samples (iteration 80, line 21,982/28,176)
AffectNet loading: 1,230,000/5,822,624 samples (iteration 90, line 4,809/28,176)
AffectNet loading: 1,120,000/5,822,624 samples (iteration 82, line 7,121/28,176)
AffectNet loading: 1,070,000/5,822,624 samples (iteration 78, line 18,636/28,176)
AffectNet loading: 1,070,000/5,822,624 samples (iteration 78, line 18,637/28,176)
AffectNet loading: 1,070,000/5,822,624 samples (iteration 78, line 18,638/28,176)
AffectNet loading: 1,110,000/5,822,624 samples (iteration 81, line 14,719/28,176)
AffectNet loading: 1,240,000/5,822,624 samples (iteration 90, line 23,996/28,176)
AffectNet loading: 1,130,000/5,822,624 samples (iteration 82, line 26,304/28,176)
AffectNet loading: 1,080,000/5,822,624 samples (iteration 79, line 10,107/28,176)
AffectNet loading: 1,120,000/5,822,624 samples (iteration 82, line 7,121/28,176)
AffectNet loading: 1,250,000/5,822,624 samples (iteration 91, line 19,337/28,176)
AffectNet loading: 1,250,000/5,822,624 samples (iteration 91, line 19,338/28,176)
AffectNet loading: 1,140,000/5,822,624 samples (iteration 83, line 19,873/28,176)
AffectNet loading: 1,090,000/5,822,624 samples (iteration 79, line 27,734/28,176)
AffectNet loading: 1,130,000/5,822,624 samples (iteration 82, line 26,304/28,176)
AffectNet loading: 1,260,000/5,822,624 samples (iteration 92, line 10,670/28,176)
AffectNet loading: 1,150,000/5,822,624 samples (iteration 84, line 11,097/28,176)
AffectNet loading: 1,100,000/5,822,624 samples (iteration 80, line 21,982/28,176)
AffectNet loading: 1,140,000/5,822,624 samples (iteration 83, line 19,873/28,176)
AffectNet loading: 1,270,000/5,822,624 samples (iteration 93, line 1,757/28,176)
AffectNet loading: 1,160,000/5,822,624 samples (iteration 85, line 2,194/28,176)
AffectNet loading: 1,110,000/5,822,624 samples (iteration 81, line 14,719/28,176)
AffectNet loading: 1,150,000/5,822,624 samples (iteration 84, line 11,097/28,176)
AffectNet loading: 1,280,000/5,822,624 samples (iteration 93, line 22,559/28,176)
AffectNet loading: 1,170,000/5,822,624 samples (iteration 85, line 22,989/28,176)
AffectNet loading: 1,120,000/5,822,624 samples (iteration 82, line 7,121/28,176)
AffectNet loading: 1,160,000/5,822,624 samples (iteration 85, line 2,194/28,176)
AffectNet loading: 1,290,000/5,822,624 samples (iteration 94, line 15,418/28,176)
AffectNet loading: 1,180,000/5,822,624 samples (iteration 86, line 18,022/28,176)
AffectNet loading: 1,130,000/5,822,624 samples (iteration 82, line 26,304/28,176)
AffectNet loading: 1,170,000/5,822,624 samples (iteration 85, line 22,989/28,176)
AffectNet loading: 1,300,000/5,822,624 samples (iteration 95, line 7,690/28,176)
AffectNet loading: 1,190,000/5,822,624 samples (iteration 87, line 8,120/28,176)
AffectNet loading: 1,140,000/5,822,624 samples (iteration 83, line 19,873/28,176)
AffectNet loading: 1,180,000/5,822,624 samples (iteration 86, line 18,022/28,176)
AffectNet loading: 1,310,000/5,822,624 samples (iteration 95, line 26,875/28,176)
AffectNet loading: 1,200,000/5,822,624 samples (iteration 87, line 27,301/28,176)
AffectNet loading: 1,150,000/5,822,624 samples (iteration 84, line 11,097/28,176)
AffectNet loading: 1,190,000/5,822,624 samples (iteration 87, line 8,120/28,176)
AffectNet loading: 1,320,000/5,822,624 samples (iteration 96, line 20,598/28,176)
AffectNet loading: 1,210,000/5,822,624 samples (iteration 88, line 21,543/28,176)
AffectNet loading: 1,160,000/5,822,624 samples (iteration 85, line 2,194/28,176)
AffectNet loading: 1,200,000/5,822,624 samples (iteration 87, line 27,301/28,176)
AffectNet loading: 1,330,000/5,822,624 samples (iteration 97, line 13,653/28,176)
AffectNet loading: 1,220,000/5,822,624 samples (iteration 89, line 14,188/28,176)
AffectNet loading: 1,170,000/5,822,624 samples (iteration 85, line 22,989/28,176)
AffectNet loading: 1,210,000/5,822,624 samples (iteration 88, line 21,543/28,176)
AffectNet loading: 1,340,000/5,822,624 samples (iteration 98, line 2,773/28,176)
AffectNet loading: 1,230,000/5,822,624 samples (iteration 90, line 4,809/28,176)
AffectNet loading: 1,220,000/5,822,624 samples (iteration 89, line 14,188/28,176)
AffectNet loading: 1,180,000/5,822,624 samples (iteration 86, line 18,022/28,176)
AffectNet loading: 1,350,000/5,822,624 samples (iteration 98, line 23,558/28,176)
AffectNet loading: 1,240,000/5,822,624 samples (iteration 90, line 23,996/28,176)
AffectNet loading: 1,190,000/5,822,624 samples (iteration 87, line 8,120/28,176)
AffectNet loading: 1,230,000/5,822,624 samples (iteration 90, line 4,809/28,176)
AffectNet loading: 1,360,000/5,822,624 samples (iteration 99, line 18,806/28,176)
AffectNet loading: 1,250,000/5,822,624 samples (iteration 91, line 19,337/28,176)
AffectNet loading: 1,250,000/5,822,624 samples (iteration 91, line 19,338/28,176)
AffectNet loading: 1,240,000/5,822,624 samples (iteration 90, line 23,996/28,176)
AffectNet loading: 1,200,000/5,822,624 samples (iteration 87, line 27,301/28,176)
AffectNet loading: 1,370,000/5,822,624 samples (iteration 100, line 10,244/28,176)
AffectNet loading: 1,260,000/5,822,624 samples (iteration 92, line 10,670/28,176)
AffectNet loading: 1,250,000/5,822,624 samples (iteration 91, line 19,337/28,176)
AffectNet loading: 1,250,000/5,822,624 samples (iteration 91, line 19,338/28,176)
AffectNet loading: 1,210,000/5,822,624 samples (iteration 88, line 21,543/28,176)
AffectNet loading: 1,380,000/5,822,624 samples (iteration 100, line 27,872/28,176)
AffectNet loading: 1,270,000/5,822,624 samples (iteration 93, line 1,757/28,176)
AffectNet loading: 1,260,000/5,822,624 samples (iteration 92, line 10,670/28,176)
AffectNet loading: 1,220,000/5,822,624 samples (iteration 89, line 14,188/28,176)
AffectNet loading: 1,390,000/5,822,624 samples (iteration 101, line 22,123/28,176)
AffectNet loading: 1,280,000/5,822,624 samples (iteration 93, line 22,559/28,176)
AffectNet loading: 1,270,000/5,822,624 samples (iteration 93, line 1,757/28,176)
AffectNet loading: 1,230,000/5,822,624 samples (iteration 90, line 4,809/28,176)
AffectNet loading: 1,400,000/5,822,624 samples (iteration 102, line 14,881/28,176)
AffectNet loading: 1,400,000/5,822,624 samples (iteration 102, line 14,882/28,176)
AffectNet loading: 1,290,000/5,822,624 samples (iteration 94, line 15,418/28,176)
AffectNet loading: 1,280,000/5,822,624 samples (iteration 93, line 22,559/28,176)
AffectNet loading: 1,240,000/5,822,624 samples (iteration 90, line 23,996/28,176)
AffectNet loading: 1,410,000/5,822,624 samples (iteration 103, line 7,259/28,176)
AffectNet loading: 1,300,000/5,822,624 samples (iteration 95, line 7,690/28,176)
AffectNet loading: 1,290,000/5,822,624 samples (iteration 94, line 15,418/28,176)
AffectNet loading: 1,250,000/5,822,624 samples (iteration 91, line 19,337/28,176)
AffectNet loading: 1,250,000/5,822,624 samples (iteration 91, line 19,338/28,176)
AffectNet loading: 1,420,000/5,822,624 samples (iteration 103, line 26,444/28,176)
AffectNet loading: 1,310,000/5,822,624 samples (iteration 95, line 26,875/28,176)
AffectNet loading: 1,300,000/5,822,624 samples (iteration 95, line 7,690/28,176)
AffectNet loading: 1,260,000/5,822,624 samples (iteration 92, line 10,670/28,176)
AffectNet loading: 1,430,000/5,822,624 samples (iteration 104, line 20,046/28,176)
AffectNet loading: 1,320,000/5,822,624 samples (iteration 96, line 20,598/28,176)
AffectNet loading: 1,310,000/5,822,624 samples (iteration 95, line 26,875/28,176)
AffectNet loading: 1,270,000/5,822,624 samples (iteration 93, line 1,757/28,176)
AffectNet loading: 1,440,000/5,822,624 samples (iteration 105, line 13,142/28,176)
AffectNet loading: 1,330,000/5,822,624 samples (iteration 97, line 13,653/28,176)
AffectNet loading: 1,320,000/5,822,624 samples (iteration 96, line 20,598/28,176)
AffectNet loading: 1,280,000/5,822,624 samples (iteration 93, line 22,559/28,176)
AffectNet loading: 1,450,000/5,822,624 samples (iteration 106, line 2,333/28,176)
AffectNet loading: 1,450,000/5,822,624 samples (iteration 106, line 2,334/28,176)
AffectNet loading: 1,340,000/5,822,624 samples (iteration 98, line 2,773/28,176)
AffectNet loading: 1,330,000/5,822,624 samples (iteration 97, line 13,653/28,176)
AffectNet loading: 1,290,000/5,822,624 samples (iteration 94, line 15,418/28,176)
AffectNet loading: 1,460,000/5,822,624 samples (iteration 106, line 23,127/28,176)
AffectNet loading: 1,350,000/5,822,624 samples (iteration 98, line 23,558/28,176)
AffectNet loading: 1,340,000/5,822,624 samples (iteration 98, line 2,773/28,176)
AffectNet loading: 1,300,000/5,822,624 samples (iteration 95, line 7,690/28,176)
AffectNet loading: 1,470,000/5,822,624 samples (iteration 107, line 18,199/28,176)
AffectNet loading: 1,470,000/5,822,624 samples (iteration 107, line 18,200/28,176)
AffectNet loading: 1,360,000/5,822,624 samples (iteration 99, line 18,806/28,176)
AffectNet loading: 1,350,000/5,822,624 samples (iteration 98, line 23,558/28,176)
AffectNet loading: 1,310,000/5,822,624 samples (iteration 95, line 26,875/28,176)
AffectNet loading: 1,480,000/5,822,624 samples (iteration 108, line 9,819/28,176)
AffectNet loading: 1,370,000/5,822,624 samples (iteration 100, line 10,244/28,176)
AffectNet loading: 1,360,000/5,822,624 samples (iteration 99, line 18,806/28,176)
AffectNet loading: 1,320,000/5,822,624 samples (iteration 96, line 20,598/28,176)
AffectNet loading: 1,490,000/5,822,624 samples (iteration 108, line 27,441/28,176)
AffectNet loading: 1,380,000/5,822,624 samples (iteration 100, line 27,872/28,176)
AffectNet loading: 1,370,000/5,822,624 samples (iteration 100, line 10,244/28,176)
AffectNet loading: 1,330,000/5,822,624 samples (iteration 97, line 13,653/28,176)
AffectNet loading: 1,500,000/5,822,624 samples (iteration 109, line 21,685/28,176)
AffectNet loading: 1,390,000/5,822,624 samples (iteration 101, line 22,123/28,176)
AffectNet loading: 1,380,000/5,822,624 samples (iteration 100, line 27,872/28,176)
AffectNet loading: 1,340,000/5,822,624 samples (iteration 98, line 2,773/28,176)
AffectNet loading: 1,510,000/5,822,624 samples (iteration 110, line 14,364/28,176)
AffectNet loading: 1,400,000/5,822,624 samples (iteration 102, line 14,881/28,176)
AffectNet loading: 1,400,000/5,822,624 samples (iteration 102, line 14,882/28,176)
AffectNet loading: 1,390,000/5,822,624 samples (iteration 101, line 22,123/28,176)
AffectNet loading: 1,350,000/5,822,624 samples (iteration 98, line 23,558/28,176)
AffectNet loading: 1,520,000/5,822,624 samples (iteration 111, line 5,273/28,176)
AffectNet loading: 1,520,000/5,822,624 samples (iteration 111, line 5,274/28,176)
AffectNet loading: 1,520,000/5,822,624 samples (iteration 111, line 5,275/28,176)
AffectNet loading: 1,410,000/5,822,624 samples (iteration 103, line 7,259/28,176)
AffectNet loading: 1,400,000/5,822,624 samples (iteration 102, line 14,881/28,176)
AffectNet loading: 1,400,000/5,822,624 samples (iteration 102, line 14,882/28,176)
AffectNet loading: 1,530,000/5,822,624 samples (iteration 111, line 24,135/28,176)
AffectNet loading: 1,360,000/5,822,624 samples (iteration 99, line 18,806/28,176)
AffectNet loading: 1,420,000/5,822,624 samples (iteration 103, line 26,444/28,176)
AffectNet loading: 1,410,000/5,822,624 samples (iteration 103, line 7,259/28,176)
AffectNet loading: 1,370,000/5,822,624 samples (iteration 100, line 10,244/28,176)
AffectNet loading: 1,540,000/5,822,624 samples (iteration 112, line 19,508/28,176)
AffectNet loading: 1,430,000/5,822,624 samples (iteration 104, line 20,046/28,176)
AffectNet loading: 1,420,000/5,822,624 samples (iteration 103, line 26,444/28,176)
AffectNet loading: 1,380,000/5,822,624 samples (iteration 100, line 27,872/28,176)
AffectNet loading: 1,550,000/5,822,624 samples (iteration 113, line 10,807/28,176)
AffectNet loading: 1,440,000/5,822,624 samples (iteration 105, line 13,142/28,176)
AffectNet loading: 1,430,000/5,822,624 samples (iteration 104, line 20,046/28,176)
AffectNet loading: 1,390,000/5,822,624 samples (iteration 101, line 22,123/28,176)
AffectNet loading: 1,560,000/5,822,624 samples (iteration 114, line 1,896/28,176)
AffectNet loading: 1,450,000/5,822,624 samples (iteration 106, line 2,333/28,176)
AffectNet loading: 1,450,000/5,822,624 samples (iteration 106, line 2,334/28,176)
AffectNet loading: 1,440,000/5,822,624 samples (iteration 105, line 13,142/28,176)
AffectNet loading: 1,400,000/5,822,624 samples (iteration 102, line 14,881/28,176)
AffectNet loading: 1,400,000/5,822,624 samples (iteration 102, line 14,882/28,176)
AffectNet loading: 1,570,000/5,822,624 samples (iteration 114, line 22,699/28,176)
AffectNet loading: 1,460,000/5,822,624 samples (iteration 106, line 23,127/28,176)
AffectNet loading: 1,450,000/5,822,624 samples (iteration 106, line 2,333/28,176)
AffectNet loading: 1,450,000/5,822,624 samples (iteration 106, line 2,334/28,176)
AffectNet loading: 1,410,000/5,822,624 samples (iteration 103, line 7,259/28,176)
AffectNet loading: 1,580,000/5,822,624 samples (iteration 115, line 15,588/28,176)
AffectNet loading: 1,470,000/5,822,624 samples (iteration 107, line 18,199/28,176)
AffectNet loading: 1,470,000/5,822,624 samples (iteration 107, line 18,200/28,176)
AffectNet loading: 1,460,000/5,822,624 samples (iteration 106, line 23,127/28,176)
AffectNet loading: 1,420,000/5,822,624 samples (iteration 103, line 26,444/28,176)
AffectNet loading: 1,590,000/5,822,624 samples (iteration 116, line 7,828/28,176)
AffectNet loading: 1,480,000/5,822,624 samples (iteration 108, line 9,819/28,176)
AffectNet loading: 1,470,000/5,822,624 samples (iteration 107, line 18,199/28,176)
AffectNet loading: 1,470,000/5,822,624 samples (iteration 107, line 18,200/28,176)
AffectNet loading: 1,600,000/5,822,624 samples (iteration 116, line 27,013/28,176)
AffectNet loading: 1,430,000/5,822,624 samples (iteration 104, line 20,046/28,176)
AffectNet loading: 1,490,000/5,822,624 samples (iteration 108, line 27,441/28,176)
AffectNet loading: 1,480,000/5,822,624 samples (iteration 108, line 9,819/28,176)
AffectNet loading: 1,610,000/5,822,624 samples (iteration 117, line 21,245/28,176)
AffectNet loading: 1,440,000/5,822,624 samples (iteration 105, line 13,142/28,176)
AffectNet loading: 1,500,000/5,822,624 samples (iteration 109, line 21,685/28,176)
AffectNet loading: 1,490,000/5,822,624 samples (iteration 108, line 27,441/28,176)
AffectNet loading: 1,450,000/5,822,624 samples (iteration 106, line 2,333/28,176)
AffectNet loading: 1,450,000/5,822,624 samples (iteration 106, line 2,334/28,176)
AffectNet loading: 1,620,000/5,822,624 samples (iteration 118, line 13,830/28,176)
AffectNet loading: 1,510,000/5,822,624 samples (iteration 110, line 14,364/28,176)
AffectNet loading: 1,500,000/5,822,624 samples (iteration 109, line 21,685/28,176)
AffectNet loading: 1,630,000/5,822,624 samples (iteration 119, line 2,915/28,176)
AffectNet loading: 1,460,000/5,822,624 samples (iteration 106, line 23,127/28,176)
AffectNet loading: 1,520,000/5,822,624 samples (iteration 111, line 5,273/28,176)
AffectNet loading: 1,520,000/5,822,624 samples (iteration 111, line 5,274/28,176)
AffectNet loading: 1,520,000/5,822,624 samples (iteration 111, line 5,275/28,176)
AffectNet loading: 1,510,000/5,822,624 samples (iteration 110, line 14,364/28,176)
AffectNet loading: 1,640,000/5,822,624 samples (iteration 119, line 23,699/28,176)
AffectNet loading: 1,530,000/5,822,624 samples (iteration 111, line 24,135/28,176)
AffectNet loading: 1,470,000/5,822,624 samples (iteration 107, line 18,199/28,176)
AffectNet loading: 1,470,000/5,822,624 samples (iteration 107, line 18,200/28,176)
AffectNet loading: 1,520,000/5,822,624 samples (iteration 111, line 5,273/28,176)
AffectNet loading: 1,520,000/5,822,624 samples (iteration 111, line 5,274/28,176)
AffectNet loading: 1,520,000/5,822,624 samples (iteration 111, line 5,275/28,176)
AffectNet loading: 1,480,000/5,822,624 samples (iteration 108, line 9,819/28,176)
AffectNet loading: 1,650,000/5,822,624 samples (iteration 120, line 18,976/28,176)
AffectNet loading: 1,540,000/5,822,624 samples (iteration 112, line 19,508/28,176)
AffectNet loading: 1,530,000/5,822,624 samples (iteration 111, line 24,135/28,176)
AffectNet loading: 1,490,000/5,822,624 samples (iteration 108, line 27,441/28,176)
AffectNet loading: 1,660,000/5,822,624 samples (iteration 121, line 10,382/28,176)
AffectNet loading: 1,550,000/5,822,624 samples (iteration 113, line 10,807/28,176)
AffectNet loading: 1,540,000/5,822,624 samples (iteration 112, line 19,508/28,176)
AffectNet loading: 1,670,000/5,822,624 samples (iteration 121, line 28,011/28,176)
AffectNet loading: 1,500,000/5,822,624 samples (iteration 109, line 21,685/28,176)
AffectNet loading: 1,560,000/5,822,624 samples (iteration 114, line 1,896/28,176)
AffectNet loading: 1,550,000/5,822,624 samples (iteration 113, line 10,807/28,176)
AffectNet loading: 1,680,000/5,822,624 samples (iteration 122, line 22,262/28,176)
AffectNet loading: 1,510,000/5,822,624 samples (iteration 110, line 14,364/28,176)
AffectNet loading: 1,570,000/5,822,624 samples (iteration 114, line 22,699/28,176)
AffectNet loading: 1,560,000/5,822,624 samples (iteration 114, line 1,896/28,176)
AffectNet loading: 1,520,000/5,822,624 samples (iteration 111, line 5,273/28,176)
AffectNet loading: 1,520,000/5,822,624 samples (iteration 111, line 5,274/28,176)
AffectNet loading: 1,520,000/5,822,624 samples (iteration 111, line 5,275/28,176)
AffectNet loading: 1,690,000/5,822,624 samples (iteration 123, line 15,047/28,176)
AffectNet loading: 1,580,000/5,822,624 samples (iteration 115, line 15,588/28,176)
AffectNet loading: 1,570,000/5,822,624 samples (iteration 114, line 22,699/28,176)
AffectNet loading: 1,530,000/5,822,624 samples (iteration 111, line 24,135/28,176)
AffectNet loading: 1,700,000/5,822,624 samples (iteration 124, line 7,399/28,176)
AffectNet loading: 1,590,000/5,822,624 samples (iteration 116, line 7,828/28,176)
AffectNet loading: 1,580,000/5,822,624 samples (iteration 115, line 15,588/28,176)
AffectNet loading: 1,540,000/5,822,624 samples (iteration 112, line 19,508/28,176)
AffectNet loading: 1,600,000/5,822,624 samples (iteration 116, line 27,013/28,176)
AffectNet loading: 1,710,000/5,822,624 samples (iteration 124, line 26,583/28,176)
AffectNet loading: 1,590,000/5,822,624 samples (iteration 116, line 7,828/28,176)
AffectNet loading: 1,550,000/5,822,624 samples (iteration 113, line 10,807/28,176)
AffectNet loading: 1,610,000/5,822,624 samples (iteration 117, line 21,245/28,176)
AffectNet loading: 1,720,000/5,822,624 samples (iteration 125, line 20,220/28,176)
AffectNet loading: 1,600,000/5,822,624 samples (iteration 116, line 27,013/28,176)
AffectNet loading: 1,560,000/5,822,624 samples (iteration 114, line 1,896/28,176)
AffectNet loading: 1,620,000/5,822,624 samples (iteration 118, line 13,830/28,176)
AffectNet loading: 1,730,000/5,822,624 samples (iteration 126, line 13,304/28,176)
AffectNet loading: 1,730,000/5,822,624 samples (iteration 126, line 13,305/28,176)
AffectNet loading: 1,610,000/5,822,624 samples (iteration 117, line 21,245/28,176)
AffectNet loading: 1,630,000/5,822,624 samples (iteration 119, line 2,915/28,176)
AffectNet loading: 1,570,000/5,822,624 samples (iteration 114, line 22,699/28,176)
AffectNet loading: 1,740,000/5,822,624 samples (iteration 127, line 2,476/28,176)
AffectNet loading: 1,620,000/5,822,624 samples (iteration 118, line 13,830/28,176)
AffectNet loading: 1,640,000/5,822,624 samples (iteration 119, line 23,699/28,176)
AffectNet loading: 1,750,000/5,822,624 samples (iteration 127, line 23,264/28,176)
AffectNet loading: 1,580,000/5,822,624 samples (iteration 115, line 15,588/28,176)
AffectNet loading: 1,630,000/5,822,624 samples (iteration 119, line 2,915/28,176)
AffectNet loading: 1,590,000/5,822,624 samples (iteration 116, line 7,828/28,176)
AffectNet loading: 1,650,000/5,822,624 samples (iteration 120, line 18,976/28,176)
AffectNet loading: 1,760,000/5,822,624 samples (iteration 128, line 18,371/28,176)
AffectNet loading: 1,640,000/5,822,624 samples (iteration 119, line 23,699/28,176)
AffectNet loading: 1,660,000/5,822,624 samples (iteration 121, line 10,382/28,176)
AffectNet loading: 1,770,000/5,822,624 samples (iteration 129, line 9,957/28,176)
AffectNet loading: 1,600,000/5,822,624 samples (iteration 116, line 27,013/28,176)
AffectNet loading: 1,650,000/5,822,624 samples (iteration 120, line 18,976/28,176)
AffectNet loading: 1,670,000/5,822,624 samples (iteration 121, line 28,011/28,176)
AffectNet loading: 1,780,000/5,822,624 samples (iteration 129, line 27,582/28,176)
AffectNet loading: 1,610,000/5,822,624 samples (iteration 117, line 21,245/28,176)
AffectNet loading: 1,660,000/5,822,624 samples (iteration 121, line 10,382/28,176)
AffectNet loading: 1,680,000/5,822,624 samples (iteration 122, line 22,262/28,176)
AffectNet loading: 1,790,000/5,822,624 samples (iteration 130, line 21,826/28,176)
AffectNet loading: 1,620,000/5,822,624 samples (iteration 118, line 13,830/28,176)
AffectNet loading: 1,670,000/5,822,624 samples (iteration 121, line 28,011/28,176)
AffectNet loading: 1,690,000/5,822,624 samples (iteration 123, line 15,047/28,176)
AffectNet loading: 1,800,000/5,822,624 samples (iteration 131, line 14,534/28,176)
AffectNet loading: 1,630,000/5,822,624 samples (iteration 119, line 2,915/28,176)
AffectNet loading: 1,680,000/5,822,624 samples (iteration 122, line 22,262/28,176)
AffectNet loading: 1,700,000/5,822,624 samples (iteration 124, line 7,399/28,176)
AffectNet loading: 1,810,000/5,822,624 samples (iteration 132, line 5,719/28,176)
AffectNet loading: 1,810,000/5,822,624 samples (iteration 132, line 5,720/28,176)
AffectNet loading: 1,810,000/5,822,624 samples (iteration 132, line 5,721/28,176)
AffectNet loading: 1,810,000/5,822,624 samples (iteration 132, line 5,722/28,176)
AffectNet loading: 1,640,000/5,822,624 samples (iteration 119, line 23,699/28,176)
AffectNet loading: 1,690,000/5,822,624 samples (iteration 123, line 15,047/28,176)
AffectNet loading: 1,710,000/5,822,624 samples (iteration 124, line 26,583/28,176)
AffectNet loading: 1,820,000/5,822,624 samples (iteration 132, line 26,153/28,176)
AffectNet loading: 1,650,000/5,822,624 samples (iteration 120, line 18,976/28,176)
AffectNet loading: 1,700,000/5,822,624 samples (iteration 124, line 7,399/28,176)
AffectNet loading: 1,720,000/5,822,624 samples (iteration 125, line 20,220/28,176)
AffectNet loading: 1,830,000/5,822,624 samples (iteration 133, line 19,679/28,176)
AffectNet loading: 1,660,000/5,822,624 samples (iteration 121, line 10,382/28,176)
AffectNet loading: 1,710,000/5,822,624 samples (iteration 124, line 26,583/28,176)
AffectNet loading: 1,840,000/5,822,624 samples (iteration 134, line 10,945/28,176)
AffectNet loading: 1,730,000/5,822,624 samples (iteration 126, line 13,304/28,176)
AffectNet loading: 1,730,000/5,822,624 samples (iteration 126, line 13,305/28,176)
AffectNet loading: 1,670,000/5,822,624 samples (iteration 121, line 28,011/28,176)
AffectNet loading: 1,720,000/5,822,624 samples (iteration 125, line 20,220/28,176)
AffectNet loading: 1,740,000/5,822,624 samples (iteration 127, line 2,476/28,176)
AffectNet loading: 1,850,000/5,822,624 samples (iteration 135, line 2,039/28,176)
AffectNet loading: 1,680,000/5,822,624 samples (iteration 122, line 22,262/28,176)
AffectNet loading: 1,730,000/5,822,624 samples (iteration 126, line 13,304/28,176)
AffectNet loading: 1,730,000/5,822,624 samples (iteration 126, line 13,305/28,176)
AffectNet loading: 1,750,000/5,822,624 samples (iteration 127, line 23,264/28,176)
AffectNet loading: 1,860,000/5,822,624 samples (iteration 135, line 22,839/28,176)
AffectNet loading: 1,690,000/5,822,624 samples (iteration 123, line 15,047/28,176)
AffectNet loading: 1,740,000/5,822,624 samples (iteration 127, line 2,476/28,176)
AffectNet loading: 1,760,000/5,822,624 samples (iteration 128, line 18,371/28,176)
AffectNet loading: 1,870,000/5,822,624 samples (iteration 136, line 17,825/28,176)
AffectNet loading: 1,870,000/5,822,624 samples (iteration 136, line 17,826/28,176)
AffectNet loading: 1,870,000/5,822,624 samples (iteration 136, line 17,827/28,176)
AffectNet loading: 1,700,000/5,822,624 samples (iteration 124, line 7,399/28,176)
AffectNet loading: 1,750,000/5,822,624 samples (iteration 127, line 23,264/28,176)
AffectNet loading: 1,770,000/5,822,624 samples (iteration 129, line 9,957/28,176)
AffectNet loading: 1,880,000/5,822,624 samples (iteration 137, line 7,968/28,176)
AffectNet loading: 1,710,000/5,822,624 samples (iteration 124, line 26,583/28,176)
AffectNet loading: 1,760,000/5,822,624 samples (iteration 128, line 18,371/28,176)
AffectNet loading: 1,780,000/5,822,624 samples (iteration 129, line 27,582/28,176)
AffectNet loading: 1,890,000/5,822,624 samples (iteration 137, line 27,150/28,176)
AffectNet loading: 1,720,000/5,822,624 samples (iteration 125, line 20,220/28,176)
AffectNet loading: 1,770,000/5,822,624 samples (iteration 129, line 9,957/28,176)
AffectNet loading: 1,790,000/5,822,624 samples (iteration 130, line 21,826/28,176)
AffectNet loading: 1,900,000/5,822,624 samples (iteration 138, line 21,388/28,176)
AffectNet loading: 1,730,000/5,822,624 samples (iteration 126, line 13,304/28,176)
AffectNet loading: 1,730,000/5,822,624 samples (iteration 126, line 13,305/28,176)
AffectNet loading: 1,780,000/5,822,624 samples (iteration 129, line 27,582/28,176)
AffectNet loading: 1,800,000/5,822,624 samples (iteration 131, line 14,534/28,176)
AffectNet loading: 1,910,000/5,822,624 samples (iteration 139, line 13,999/28,176)
AffectNet loading: 1,740,000/5,822,624 samples (iteration 127, line 2,476/28,176)
AffectNet loading: 1,790,000/5,822,624 samples (iteration 130, line 21,826/28,176)
AffectNet loading: 1,810,000/5,822,624 samples (iteration 132, line 5,719/28,176)
AffectNet loading: 1,810,000/5,822,624 samples (iteration 132, line 5,720/28,176)
AffectNet loading: 1,810,000/5,822,624 samples (iteration 132, line 5,721/28,176)
AffectNet loading: 1,810,000/5,822,624 samples (iteration 132, line 5,722/28,176)
AffectNet loading: 1,920,000/5,822,624 samples (iteration 140, line 4,350/28,176)
AffectNet loading: 1,920,000/5,822,624 samples (iteration 140, line 4,351/28,176)
AffectNet loading: 1,750,000/5,822,624 samples (iteration 127, line 23,264/28,176)
AffectNet loading: 1,800,000/5,822,624 samples (iteration 131, line 14,534/28,176)
AffectNet loading: 1,820,000/5,822,624 samples (iteration 132, line 26,153/28,176)
AffectNet loading: 1,930,000/5,822,624 samples (iteration 140, line 23,839/28,176)
AffectNet loading: 1,930,000/5,822,624 samples (iteration 140, line 23,840/28,176)
AffectNet loading: 1,760,000/5,822,624 samples (iteration 128, line 18,371/28,176)
AffectNet loading: 1,810,000/5,822,624 samples (iteration 132, line 5,719/28,176)
AffectNet loading: 1,810,000/5,822,624 samples (iteration 132, line 5,720/28,176)
AffectNet loading: 1,810,000/5,822,624 samples (iteration 132, line 5,721/28,176)
AffectNet loading: 1,810,000/5,822,624 samples (iteration 132, line 5,722/28,176)
AffectNet loading: 1,830,000/5,822,624 samples (iteration 133, line 19,679/28,176)
AffectNet loading: 1,940,000/5,822,624 samples (iteration 141, line 19,151/28,176)
AffectNet loading: 1,770,000/5,822,624 samples (iteration 129, line 9,957/28,176)
AffectNet loading: 1,820,000/5,822,624 samples (iteration 132, line 26,153/28,176)
AffectNet loading: 1,840,000/5,822,624 samples (iteration 134, line 10,945/28,176)
AffectNet loading: 1,950,000/5,822,624 samples (iteration 142, line 10,520/28,176)
AffectNet loading: 1,780,000/5,822,624 samples (iteration 129, line 27,582/28,176)
AffectNet loading: 1,830,000/5,822,624 samples (iteration 133, line 19,679/28,176)
AffectNet loading: 1,850,000/5,822,624 samples (iteration 135, line 2,039/28,176)
AffectNet loading: 1,960,000/5,822,624 samples (iteration 142, line 28,149/28,176)
AffectNet loading: 1,790,000/5,822,624 samples (iteration 130, line 21,826/28,176)
AffectNet loading: 1,840,000/5,822,624 samples (iteration 134, line 10,945/28,176)
AffectNet loading: 1,860,000/5,822,624 samples (iteration 135, line 22,839/28,176)
AffectNet loading: 1,970,000/5,822,624 samples (iteration 143, line 22,402/28,176)
AffectNet loading: 1,800,000/5,822,624 samples (iteration 131, line 14,534/28,176)
AffectNet loading: 1,850,000/5,822,624 samples (iteration 135, line 2,039/28,176)
AffectNet loading: 1,870,000/5,822,624 samples (iteration 136, line 17,825/28,176)
AffectNet loading: 1,870,000/5,822,624 samples (iteration 136, line 17,826/28,176)
AffectNet loading: 1,870,000/5,822,624 samples (iteration 136, line 17,827/28,176)
AffectNet loading: 1,980,000/5,822,624 samples (iteration 144, line 15,222/28,176)
AffectNet loading: 1,810,000/5,822,624 samples (iteration 132, line 5,719/28,176)
AffectNet loading: 1,810,000/5,822,624 samples (iteration 132, line 5,720/28,176)
AffectNet loading: 1,810,000/5,822,624 samples (iteration 132, line 5,721/28,176)
AffectNet loading: 1,810,000/5,822,624 samples (iteration 132, line 5,722/28,176)
AffectNet loading: 1,860,000/5,822,624 samples (iteration 135, line 22,839/28,176)
AffectNet loading: 1,880,000/5,822,624 samples (iteration 137, line 7,968/28,176)
AffectNet loading: 1,990,000/5,822,624 samples (iteration 145, line 7,538/28,176)
AffectNet loading: 1,820,000/5,822,624 samples (iteration 132, line 26,153/28,176)
AffectNet loading: 1,890,000/5,822,624 samples (iteration 137, line 27,150/28,176)
AffectNet loading: 1,870,000/5,822,624 samples (iteration 136, line 17,825/28,176)
AffectNet loading: 1,870,000/5,822,624 samples (iteration 136, line 17,826/28,176)
AffectNet loading: 1,870,000/5,822,624 samples (iteration 136, line 17,827/28,176)
AffectNet loading: 2,000,000/5,822,624 samples (iteration 145, line 26,721/28,176)
AffectNet loading: 1,830,000/5,822,624 samples (iteration 133, line 19,679/28,176)
AffectNet loading: 1,880,000/5,822,624 samples (iteration 137, line 7,968/28,176)
AffectNet loading: 1,900,000/5,822,624 samples (iteration 138, line 21,388/28,176)
AffectNet loading: 2,010,000/5,822,624 samples (iteration 146, line 20,400/28,176)
AffectNet loading: 2,010,000/5,822,624 samples (iteration 146, line 20,401/28,176)
AffectNet loading: 1,840,000/5,822,624 samples (iteration 134, line 10,945/28,176)
AffectNet loading: 1,890,000/5,822,624 samples (iteration 137, line 27,150/28,176)
AffectNet loading: 1,910,000/5,822,624 samples (iteration 139, line 13,999/28,176)
AffectNet loading: 2,020,000/5,822,624 samples (iteration 147, line 13,474/28,176)
AffectNet loading: 1,850,000/5,822,624 samples (iteration 135, line 2,039/28,176)
AffectNet loading: 1,920,000/5,822,624 samples (iteration 140, line 4,350/28,176)
AffectNet loading: 1,920,000/5,822,624 samples (iteration 140, line 4,351/28,176)
AffectNet loading: 1,900,000/5,822,624 samples (iteration 138, line 21,388/28,176)
AffectNet loading: 2,030,000/5,822,624 samples (iteration 148, line 2,617/28,176)
AffectNet loading: 1,860,000/5,822,624 samples (iteration 135, line 22,839/28,176)
AffectNet loading: 1,930,000/5,822,624 samples (iteration 140, line 23,839/28,176)
AffectNet loading: 1,930,000/5,822,624 samples (iteration 140, line 23,840/28,176)
AffectNet loading: 1,910,000/5,822,624 samples (iteration 139, line 13,999/28,176)
AffectNet loading: 2,040,000/5,822,624 samples (iteration 148, line 23,402/28,176)
AffectNet loading: 1,870,000/5,822,624 samples (iteration 136, line 17,825/28,176)
AffectNet loading: 1,870,000/5,822,624 samples (iteration 136, line 17,826/28,176)
AffectNet loading: 1,870,000/5,822,624 samples (iteration 136, line 17,827/28,176)
AffectNet loading: 1,940,000/5,822,624 samples (iteration 141, line 19,151/28,176)
AffectNet loading: 1,920,000/5,822,624 samples (iteration 140, line 4,350/28,176)
AffectNet loading: 1,920,000/5,822,624 samples (iteration 140, line 4,351/28,176)
AffectNet loading: 2,050,000/5,822,624 samples (iteration 149, line 18,622/28,176)
AffectNet loading: 1,880,000/5,822,624 samples (iteration 137, line 7,968/28,176)
AffectNet loading: 1,950,000/5,822,624 samples (iteration 142, line 10,520/28,176)
AffectNet loading: 1,930,000/5,822,624 samples (iteration 140, line 23,839/28,176)
AffectNet loading: 1,930,000/5,822,624 samples (iteration 140, line 23,840/28,176)
AffectNet loading: 2,060,000/5,822,624 samples (iteration 150, line 10,094/28,176)
AffectNet loading: 1,890,000/5,822,624 samples (iteration 137, line 27,150/28,176)
AffectNet loading: 1,960,000/5,822,624 samples (iteration 142, line 28,149/28,176)
AffectNet loading: 1,940,000/5,822,624 samples (iteration 141, line 19,151/28,176)
AffectNet loading: 2,070,000/5,822,624 samples (iteration 150, line 27,721/28,176)
AffectNet loading: 1,900,000/5,822,624 samples (iteration 138, line 21,388/28,176)
AffectNet loading: 1,970,000/5,822,624 samples (iteration 143, line 22,402/28,176)
AffectNet loading: 1,950,000/5,822,624 samples (iteration 142, line 10,520/28,176)
AffectNet loading: 2,080,000/5,822,624 samples (iteration 151, line 21,969/28,176)
AffectNet loading: 1,910,000/5,822,624 samples (iteration 139, line 13,999/28,176)
AffectNet loading: 1,980,000/5,822,624 samples (iteration 144, line 15,222/28,176)
AffectNet loading: 1,960,000/5,822,624 samples (iteration 142, line 28,149/28,176)
AffectNet loading: 2,090,000/5,822,624 samples (iteration 152, line 14,701/28,176)
AffectNet loading: 1,920,000/5,822,624 samples (iteration 140, line 4,350/28,176)
AffectNet loading: 1,920,000/5,822,624 samples (iteration 140, line 4,351/28,176)
AffectNet loading: 1,990,000/5,822,624 samples (iteration 145, line 7,538/28,176)
AffectNet loading: 1,970,000/5,822,624 samples (iteration 143, line 22,402/28,176)
AffectNet loading: 2,100,000/5,822,624 samples (iteration 153, line 7,108/28,176)
AffectNet loading: 1,930,000/5,822,624 samples (iteration 140, line 23,839/28,176)
AffectNet loading: 1,930,000/5,822,624 samples (iteration 140, line 23,840/28,176)
AffectNet loading: 2,000,000/5,822,624 samples (iteration 145, line 26,721/28,176)
AffectNet loading: 1,980,000/5,822,624 samples (iteration 144, line 15,222/28,176)
AffectNet loading: 2,110,000/5,822,624 samples (iteration 153, line 26,291/28,176)
AffectNet loading: 1,940,000/5,822,624 samples (iteration 141, line 19,151/28,176)
AffectNet loading: 2,010,000/5,822,624 samples (iteration 146, line 20,400/28,176)
AffectNet loading: 2,010,000/5,822,624 samples (iteration 146, line 20,401/28,176)
AffectNet loading: 1,990,000/5,822,624 samples (iteration 145, line 7,538/28,176)
AffectNet loading: 2,120,000/5,822,624 samples (iteration 154, line 19,854/28,176)
AffectNet loading: 1,950,000/5,822,624 samples (iteration 142, line 10,520/28,176)
AffectNet loading: 2,020,000/5,822,624 samples (iteration 147, line 13,474/28,176)
AffectNet loading: 2,000,000/5,822,624 samples (iteration 145, line 26,721/28,176)
AffectNet loading: 2,130,000/5,822,624 samples (iteration 155, line 11,084/28,176)
AffectNet loading: 1,960,000/5,822,624 samples (iteration 142, line 28,149/28,176)
AffectNet loading: 2,030,000/5,822,624 samples (iteration 148, line 2,617/28,176)
AffectNet loading: 2,010,000/5,822,624 samples (iteration 146, line 20,400/28,176)
AffectNet loading: 2,010,000/5,822,624 samples (iteration 146, line 20,401/28,176)
AffectNet loading: 2,140,000/5,822,624 samples (iteration 156, line 2,181/28,176)
AffectNet loading: 1,970,000/5,822,624 samples (iteration 143, line 22,402/28,176)
AffectNet loading: 2,040,000/5,822,624 samples (iteration 148, line 23,402/28,176)
AffectNet loading: 2,020,000/5,822,624 samples (iteration 147, line 13,474/28,176)
AffectNet loading: 2,150,000/5,822,624 samples (iteration 156, line 22,976/28,176)
AffectNet loading: 1,980,000/5,822,624 samples (iteration 144, line 15,222/28,176)
AffectNet loading: 2,050,000/5,822,624 samples (iteration 149, line 18,622/28,176)
AffectNet loading: 2,030,000/5,822,624 samples (iteration 148, line 2,617/28,176)
AffectNet loading: 2,160,000/5,822,624 samples (iteration 157, line 18,006/28,176)
AffectNet loading: 2,160,000/5,822,624 samples (iteration 157, line 18,007/28,176)
AffectNet loading: 1,990,000/5,822,624 samples (iteration 145, line 7,538/28,176)
AffectNet loading: 2,060,000/5,822,624 samples (iteration 150, line 10,094/28,176)
AffectNet loading: 2,040,000/5,822,624 samples (iteration 148, line 23,402/28,176)
AffectNet loading: 2,170,000/5,822,624 samples (iteration 158, line 8,107/28,176)
AffectNet loading: 2,000,000/5,822,624 samples (iteration 145, line 26,721/28,176)
AffectNet loading: 2,070,000/5,822,624 samples (iteration 150, line 27,721/28,176)
AffectNet loading: 2,050,000/5,822,624 samples (iteration 149, line 18,622/28,176)
AffectNet loading: 2,180,000/5,822,624 samples (iteration 158, line 27,288/28,176)
AffectNet loading: 2,010,000/5,822,624 samples (iteration 146, line 20,400/28,176)
AffectNet loading: 2,010,000/5,822,624 samples (iteration 146, line 20,401/28,176)
AffectNet loading: 2,080,000/5,822,624 samples (iteration 151, line 21,969/28,176)
AffectNet loading: 2,060,000/5,822,624 samples (iteration 150, line 10,094/28,176)
AffectNet loading: 2,190,000/5,822,624 samples (iteration 159, line 21,530/28,176)
AffectNet loading: 2,020,000/5,822,624 samples (iteration 147, line 13,474/28,176)
AffectNet loading: 2,090,000/5,822,624 samples (iteration 152, line 14,701/28,176)
AffectNet loading: 2,070,000/5,822,624 samples (iteration 150, line 27,721/28,176)
AffectNet loading: 2,200,000/5,822,624 samples (iteration 160, line 14,170/28,176)
AffectNet loading: 2,200,000/5,822,624 samples (iteration 160, line 14,171/28,176)
AffectNet loading: 2,200,000/5,822,624 samples (iteration 160, line 14,172/28,176)
AffectNet loading: 2,030,000/5,822,624 samples (iteration 148, line 2,617/28,176)
AffectNet loading: 2,100,000/5,822,624 samples (iteration 153, line 7,108/28,176)
AffectNet loading: 2,080,000/5,822,624 samples (iteration 151, line 21,969/28,176)
AffectNet loading: 2,210,000/5,822,624 samples (iteration 161, line 4,763/28,176)
AffectNet loading: 2,210,000/5,822,624 samples (iteration 161, line 4,764/28,176)
AffectNet loading: 2,210,000/5,822,624 samples (iteration 161, line 4,765/28,176)
AffectNet loading: 2,210,000/5,822,624 samples (iteration 161, line 4,766/28,176)
AffectNet loading: 2,210,000/5,822,624 samples (iteration 161, line 4,767/28,176)
AffectNet loading: 2,210,000/5,822,624 samples (iteration 161, line 4,768/28,176)
AffectNet loading: 2,210,000/5,822,624 samples (iteration 161, line 4,769/28,176)
AffectNet loading: 2,210,000/5,822,624 samples (iteration 161, line 4,770/28,176)
AffectNet loading: 2,040,000/5,822,624 samples (iteration 148, line 23,402/28,176)
AffectNet loading: 2,110,000/5,822,624 samples (iteration 153, line 26,291/28,176)
AffectNet loading: 2,090,000/5,822,624 samples (iteration 152, line 14,701/28,176)
AffectNet loading: 2,220,000/5,822,624 samples (iteration 161, line 23,981/28,176)
AffectNet loading: 2,050,000/5,822,624 samples (iteration 149, line 18,622/28,176)
AffectNet loading: 2,120,000/5,822,624 samples (iteration 154, line 19,854/28,176)
AffectNet loading: 2,100,000/5,822,624 samples (iteration 153, line 7,108/28,176)
AffectNet loading: 2,230,000/5,822,624 samples (iteration 162, line 19,322/28,176)
AffectNet loading: 2,060,000/5,822,624 samples (iteration 150, line 10,094/28,176)
AffectNet loading: 2,130,000/5,822,624 samples (iteration 155, line 11,084/28,176)
AffectNet loading: 2,110,000/5,822,624 samples (iteration 153, line 26,291/28,176)
AffectNet loading: 2,240,000/5,822,624 samples (iteration 163, line 10,657/28,176)
AffectNet loading: 2,070,000/5,822,624 samples (iteration 150, line 27,721/28,176)
AffectNet loading: 2,140,000/5,822,624 samples (iteration 156, line 2,181/28,176)
AffectNet loading: 2,120,000/5,822,624 samples (iteration 154, line 19,854/28,176)
AffectNet loading: 2,250,000/5,822,624 samples (iteration 164, line 1,743/28,176)
AffectNet loading: 2,080,000/5,822,624 samples (iteration 151, line 21,969/28,176)
AffectNet loading: 2,150,000/5,822,624 samples (iteration 156, line 22,976/28,176)
AffectNet loading: 2,130,000/5,822,624 samples (iteration 155, line 11,084/28,176)
AffectNet loading: 2,260,000/5,822,624 samples (iteration 164, line 22,546/28,176)
AffectNet loading: 2,090,000/5,822,624 samples (iteration 152, line 14,701/28,176)
AffectNet loading: 2,160,000/5,822,624 samples (iteration 157, line 18,006/28,176)
AffectNet loading: 2,160,000/5,822,624 samples (iteration 157, line 18,007/28,176)
AffectNet loading: 2,140,000/5,822,624 samples (iteration 156, line 2,181/28,176)
AffectNet loading: 2,270,000/5,822,624 samples (iteration 165, line 15,401/28,176)
AffectNet loading: 2,270,000/5,822,624 samples (iteration 165, line 15,402/28,176)
AffectNet loading: 2,100,000/5,822,624 samples (iteration 153, line 7,108/28,176)
AffectNet loading: 2,170,000/5,822,624 samples (iteration 158, line 8,107/28,176)
AffectNet loading: 2,150,000/5,822,624 samples (iteration 156, line 22,976/28,176)
AffectNet loading: 2,280,000/5,822,624 samples (iteration 166, line 7,677/28,176)
AffectNet loading: 2,110,000/5,822,624 samples (iteration 153, line 26,291/28,176)
AffectNet loading: 2,180,000/5,822,624 samples (iteration 158, line 27,288/28,176)
AffectNet loading: 2,290,000/5,822,624 samples (iteration 166, line 26,862/28,176)
AffectNet loading: 2,160,000/5,822,624 samples (iteration 157, line 18,006/28,176)
AffectNet loading: 2,160,000/5,822,624 samples (iteration 157, line 18,007/28,176)
AffectNet loading: 2,120,000/5,822,624 samples (iteration 154, line 19,854/28,176)
AffectNet loading: 2,190,000/5,822,624 samples (iteration 159, line 21,530/28,176)
AffectNet loading: 2,170,000/5,822,624 samples (iteration 158, line 8,107/28,176)
AffectNet loading: 2,300,000/5,822,624 samples (iteration 167, line 20,583/28,176)
AffectNet loading: 2,130,000/5,822,624 samples (iteration 155, line 11,084/28,176)
AffectNet loading: 2,200,000/5,822,624 samples (iteration 160, line 14,170/28,176)
AffectNet loading: 2,200,000/5,822,624 samples (iteration 160, line 14,171/28,176)
AffectNet loading: 2,200,000/5,822,624 samples (iteration 160, line 14,172/28,176)
AffectNet loading: 2,180,000/5,822,624 samples (iteration 158, line 27,288/28,176)
AffectNet loading: 2,310,000/5,822,624 samples (iteration 168, line 13,638/28,176)
AffectNet loading: 2,310,000/5,822,624 samples (iteration 168, line 13,639/28,176)
AffectNet loading: 2,140,000/5,822,624 samples (iteration 156, line 2,181/28,176)
AffectNet loading: 2,210,000/5,822,624 samples (iteration 161, line 4,763/28,176)
AffectNet loading: 2,210,000/5,822,624 samples (iteration 161, line 4,764/28,176)
AffectNet loading: 2,210,000/5,822,624 samples (iteration 161, line 4,765/28,176)
AffectNet loading: 2,210,000/5,822,624 samples (iteration 161, line 4,766/28,176)
AffectNet loading: 2,210,000/5,822,624 samples (iteration 161, line 4,767/28,176)
AffectNet loading: 2,210,000/5,822,624 samples (iteration 161, line 4,768/28,176)
AffectNet loading: 2,210,000/5,822,624 samples (iteration 161, line 4,769/28,176)
AffectNet loading: 2,210,000/5,822,624 samples (iteration 161, line 4,770/28,176)
AffectNet loading: 2,320,000/5,822,624 samples (iteration 169, line 2,758/28,176)
AffectNet loading: 2,190,000/5,822,624 samples (iteration 159, line 21,530/28,176)
AffectNet loading: 2,220,000/5,822,624 samples (iteration 161, line 23,981/28,176)
AffectNet loading: 2,150,000/5,822,624 samples (iteration 156, line 22,976/28,176)
AffectNet loading: 2,330,000/5,822,624 samples (iteration 169, line 23,544/28,176)
AffectNet loading: 2,200,000/5,822,624 samples (iteration 160, line 14,170/28,176)
AffectNet loading: 2,200,000/5,822,624 samples (iteration 160, line 14,171/28,176)
AffectNet loading: 2,200,000/5,822,624 samples (iteration 160, line 14,172/28,176)
AffectNet loading: 2,230,000/5,822,624 samples (iteration 162, line 19,322/28,176)
AffectNet loading: 2,160,000/5,822,624 samples (iteration 157, line 18,006/28,176)
AffectNet loading: 2,160,000/5,822,624 samples (iteration 157, line 18,007/28,176)
AffectNet loading: 2,210,000/5,822,624 samples (iteration 161, line 4,763/28,176)
AffectNet loading: 2,210,000/5,822,624 samples (iteration 161, line 4,764/28,176)
AffectNet loading: 2,210,000/5,822,624 samples (iteration 161, line 4,765/28,176)
AffectNet loading: 2,210,000/5,822,624 samples (iteration 161, line 4,766/28,176)
AffectNet loading: 2,210,000/5,822,624 samples (iteration 161, line 4,767/28,176)
AffectNet loading: 2,210,000/5,822,624 samples (iteration 161, line 4,768/28,176)
AffectNet loading: 2,210,000/5,822,624 samples (iteration 161, line 4,769/28,176)
AffectNet loading: 2,210,000/5,822,624 samples (iteration 161, line 4,770/28,176)
AffectNet loading: 2,340,000/5,822,624 samples (iteration 170, line 18,790/28,176)
AffectNet loading: 2,240,000/5,822,624 samples (iteration 163, line 10,657/28,176)
AffectNet loading: 2,170,000/5,822,624 samples (iteration 158, line 8,107/28,176)
AffectNet loading: 2,220,000/5,822,624 samples (iteration 161, line 23,981/28,176)
AffectNet loading: 2,350,000/5,822,624 samples (iteration 171, line 10,231/28,176)
AffectNet loading: 2,250,000/5,822,624 samples (iteration 164, line 1,743/28,176)
AffectNet loading: 2,180,000/5,822,624 samples (iteration 158, line 27,288/28,176)
AffectNet loading: 2,360,000/5,822,624 samples (iteration 171, line 27,859/28,176)
AffectNet loading: 2,230,000/5,822,624 samples (iteration 162, line 19,322/28,176)
AffectNet loading: 2,260,000/5,822,624 samples (iteration 164, line 22,546/28,176)
AffectNet loading: 2,190,000/5,822,624 samples (iteration 159, line 21,530/28,176)
AffectNet loading: 2,240,000/5,822,624 samples (iteration 163, line 10,657/28,176)
AffectNet loading: 2,370,000/5,822,624 samples (iteration 172, line 22,109/28,176)
AffectNet loading: 2,270,000/5,822,624 samples (iteration 165, line 15,401/28,176)
AffectNet loading: 2,270,000/5,822,624 samples (iteration 165, line 15,402/28,176)
AffectNet loading: 2,200,000/5,822,624 samples (iteration 160, line 14,170/28,176)
AffectNet loading: 2,200,000/5,822,624 samples (iteration 160, line 14,171/28,176)
AffectNet loading: 2,200,000/5,822,624 samples (iteration 160, line 14,172/28,176)
AffectNet loading: 2,250,000/5,822,624 samples (iteration 164, line 1,743/28,176)
AffectNet loading: 2,380,000/5,822,624 samples (iteration 173, line 14,866/28,176)
AffectNet loading: 2,280,000/5,822,624 samples (iteration 166, line 7,677/28,176)
AffectNet loading: 2,210,000/5,822,624 samples (iteration 161, line 4,763/28,176)
AffectNet loading: 2,210,000/5,822,624 samples (iteration 161, line 4,764/28,176)
AffectNet loading: 2,210,000/5,822,624 samples (iteration 161, line 4,765/28,176)
AffectNet loading: 2,210,000/5,822,624 samples (iteration 161, line 4,766/28,176)
AffectNet loading: 2,210,000/5,822,624 samples (iteration 161, line 4,767/28,176)
AffectNet loading: 2,210,000/5,822,624 samples (iteration 161, line 4,768/28,176)
AffectNet loading: 2,210,000/5,822,624 samples (iteration 161, line 4,769/28,176)
AffectNet loading: 2,210,000/5,822,624 samples (iteration 161, line 4,770/28,176)
AffectNet loading: 2,260,000/5,822,624 samples (iteration 164, line 22,546/28,176)
AffectNet loading: 2,390,000/5,822,624 samples (iteration 174, line 7,245/28,176)
AffectNet loading: 2,290,000/5,822,624 samples (iteration 166, line 26,862/28,176)
AffectNet loading: 2,220,000/5,822,624 samples (iteration 161, line 23,981/28,176)
AffectNet loading: 2,400,000/5,822,624 samples (iteration 174, line 26,431/28,176)
AffectNet loading: 2,270,000/5,822,624 samples (iteration 165, line 15,401/28,176)
AffectNet loading: 2,270,000/5,822,624 samples (iteration 165, line 15,402/28,176)
AffectNet loading: 2,300,000/5,822,624 samples (iteration 167, line 20,583/28,176)
AffectNet loading: 2,230,000/5,822,624 samples (iteration 162, line 19,322/28,176)
AffectNet loading: 2,280,000/5,822,624 samples (iteration 166, line 7,677/28,176)
AffectNet loading: 2,410,000/5,822,624 samples (iteration 175, line 20,030/28,176)
AffectNet loading: 2,310,000/5,822,624 samples (iteration 168, line 13,638/28,176)
AffectNet loading: 2,310,000/5,822,624 samples (iteration 168, line 13,639/28,176)
AffectNet loading: 2,240,000/5,822,624 samples (iteration 163, line 10,657/28,176)
AffectNet loading: 2,290,000/5,822,624 samples (iteration 166, line 26,862/28,176)
AffectNet loading: 2,420,000/5,822,624 samples (iteration 176, line 13,128/28,176)
AffectNet loading: 2,320,000/5,822,624 samples (iteration 169, line 2,758/28,176)
AffectNet loading: 2,250,000/5,822,624 samples (iteration 164, line 1,743/28,176)
AffectNet loading: 2,430,000/5,822,624 samples (iteration 177, line 2,319/28,176)
AffectNet loading: 2,300,000/5,822,624 samples (iteration 167, line 20,583/28,176)
AffectNet loading: 2,330,000/5,822,624 samples (iteration 169, line 23,544/28,176)
AffectNet loading: 2,260,000/5,822,624 samples (iteration 164, line 22,546/28,176)
AffectNet loading: 2,440,000/5,822,624 samples (iteration 177, line 23,114/28,176)
AffectNet loading: 2,310,000/5,822,624 samples (iteration 168, line 13,638/28,176)
AffectNet loading: 2,310,000/5,822,624 samples (iteration 168, line 13,639/28,176)
AffectNet loading: 2,340,000/5,822,624 samples (iteration 170, line 18,790/28,176)
AffectNet loading: 2,270,000/5,822,624 samples (iteration 165, line 15,401/28,176)
AffectNet loading: 2,270,000/5,822,624 samples (iteration 165, line 15,402/28,176)
AffectNet loading: 2,320,000/5,822,624 samples (iteration 169, line 2,758/28,176)
AffectNet loading: 2,450,000/5,822,624 samples (iteration 178, line 18,178/28,176)
AffectNet loading: 2,350,000/5,822,624 samples (iteration 171, line 10,231/28,176)
AffectNet loading: 2,280,000/5,822,624 samples (iteration 166, line 7,677/28,176)
AffectNet loading: 2,330,000/5,822,624 samples (iteration 169, line 23,544/28,176)
AffectNet loading: 2,460,000/5,822,624 samples (iteration 179, line 9,806/28,176)
AffectNet loading: 2,360,000/5,822,624 samples (iteration 171, line 27,859/28,176)
AffectNet loading: 2,290,000/5,822,624 samples (iteration 166, line 26,862/28,176)
AffectNet loading: 2,470,000/5,822,624 samples (iteration 179, line 27,428/28,176)
AffectNet loading: 2,340,000/5,822,624 samples (iteration 170, line 18,790/28,176)
AffectNet loading: 2,370,000/5,822,624 samples (iteration 172, line 22,109/28,176)
AffectNet loading: 2,300,000/5,822,624 samples (iteration 167, line 20,583/28,176)
AffectNet loading: 2,350,000/5,822,624 samples (iteration 171, line 10,231/28,176)
AffectNet loading: 2,480,000/5,822,624 samples (iteration 180, line 21,671/28,176)
AffectNet loading: 2,380,000/5,822,624 samples (iteration 173, line 14,866/28,176)
AffectNet loading: 2,360,000/5,822,624 samples (iteration 171, line 27,859/28,176)
AffectNet loading: 2,310,000/5,822,624 samples (iteration 168, line 13,638/28,176)
AffectNet loading: 2,310,000/5,822,624 samples (iteration 168, line 13,639/28,176)
AffectNet loading: 2,490,000/5,822,624 samples (iteration 181, line 14,347/28,176)
AffectNet loading: 2,390,000/5,822,624 samples (iteration 174, line 7,245/28,176)
AffectNet loading: 2,370,000/5,822,624 samples (iteration 172, line 22,109/28,176)
AffectNet loading: 2,320,000/5,822,624 samples (iteration 169, line 2,758/28,176)
AffectNet loading: 2,500,000/5,822,624 samples (iteration 182, line 5,239/28,176)
AffectNet loading: 2,400,000/5,822,624 samples (iteration 174, line 26,431/28,176)
AffectNet loading: 2,510,000/5,822,624 samples (iteration 182, line 24,122/28,176)
AffectNet loading: 2,330,000/5,822,624 samples (iteration 169, line 23,544/28,176)
AffectNet loading: 2,380,000/5,822,624 samples (iteration 173, line 14,866/28,176)
AffectNet loading: 2,410,000/5,822,624 samples (iteration 175, line 20,030/28,176)
AffectNet loading: 2,390,000/5,822,624 samples (iteration 174, line 7,245/28,176)
AffectNet loading: 2,520,000/5,822,624 samples (iteration 183, line 19,492/28,176)
AffectNet loading: 2,520,000/5,822,624 samples (iteration 183, line 19,493/28,176)
AffectNet loading: 2,340,000/5,822,624 samples (iteration 170, line 18,790/28,176)
AffectNet loading: 2,420,000/5,822,624 samples (iteration 176, line 13,128/28,176)
AffectNet loading: 2,400,000/5,822,624 samples (iteration 174, line 26,431/28,176)
AffectNet loading: 2,530,000/5,822,624 samples (iteration 184, line 10,794/28,176)
AffectNet loading: 2,350,000/5,822,624 samples (iteration 171, line 10,231/28,176)
AffectNet loading: 2,430,000/5,822,624 samples (iteration 177, line 2,319/28,176)
AffectNet loading: 2,540,000/5,822,624 samples (iteration 185, line 1,882/28,176)
AffectNet loading: 2,540,000/5,822,624 samples (iteration 185, line 1,883/28,176)
AffectNet loading: 2,360,000/5,822,624 samples (iteration 171, line 27,859/28,176)
AffectNet loading: 2,410,000/5,822,624 samples (iteration 175, line 20,030/28,176)
AffectNet loading: 2,440,000/5,822,624 samples (iteration 177, line 23,114/28,176)
AffectNet loading: 2,550,000/5,822,624 samples (iteration 185, line 22,686/28,176)
AffectNet loading: 2,420,000/5,822,624 samples (iteration 176, line 13,128/28,176)
AffectNet loading: 2,370,000/5,822,624 samples (iteration 172, line 22,109/28,176)
AffectNet loading: 2,450,000/5,822,624 samples (iteration 178, line 18,178/28,176)
AffectNet loading: 2,430,000/5,822,624 samples (iteration 177, line 2,319/28,176)
AffectNet loading: 2,560,000/5,822,624 samples (iteration 186, line 15,571/28,176)
AffectNet loading: 2,380,000/5,822,624 samples (iteration 173, line 14,866/28,176)
AffectNet loading: 2,460,000/5,822,624 samples (iteration 179, line 9,806/28,176)
AffectNet loading: 2,570,000/5,822,624 samples (iteration 187, line 7,815/28,176)
AffectNet loading: 2,440,000/5,822,624 samples (iteration 177, line 23,114/28,176)
AffectNet loading: 2,390,000/5,822,624 samples (iteration 174, line 7,245/28,176)
AffectNet loading: 2,470,000/5,822,624 samples (iteration 179, line 27,428/28,176)
AffectNet loading: 2,580,000/5,822,624 samples (iteration 187, line 26,999/28,176)
AffectNet loading: 2,450,000/5,822,624 samples (iteration 178, line 18,178/28,176)
AffectNet loading: 2,400,000/5,822,624 samples (iteration 174, line 26,431/28,176)
AffectNet loading: 2,480,000/5,822,624 samples (iteration 180, line 21,671/28,176)
AffectNet loading: 2,590,000/5,822,624 samples (iteration 188, line 21,231/28,176)
AffectNet loading: 2,460,000/5,822,624 samples (iteration 179, line 9,806/28,176)
AffectNet loading: 2,410,000/5,822,624 samples (iteration 175, line 20,030/28,176)
AffectNet loading: 2,490,000/5,822,624 samples (iteration 181, line 14,347/28,176)
AffectNet loading: 2,470,000/5,822,624 samples (iteration 179, line 27,428/28,176)
AffectNet loading: 2,600,000/5,822,624 samples (iteration 189, line 13,809/28,176)
AffectNet loading: 2,420,000/5,822,624 samples (iteration 176, line 13,128/28,176)
AffectNet loading: 2,500,000/5,822,624 samples (iteration 182, line 5,239/28,176)
AffectNet loading: 2,610,000/5,822,624 samples (iteration 190, line 2,900/28,176)
AffectNet loading: 2,480,000/5,822,624 samples (iteration 180, line 21,671/28,176)
AffectNet loading: 2,430,000/5,822,624 samples (iteration 177, line 2,319/28,176)
AffectNet loading: 2,510,000/5,822,624 samples (iteration 182, line 24,122/28,176)
AffectNet loading: 2,620,000/5,822,624 samples (iteration 190, line 23,686/28,176)
AffectNet loading: 2,490,000/5,822,624 samples (iteration 181, line 14,347/28,176)
AffectNet loading: 2,440,000/5,822,624 samples (iteration 177, line 23,114/28,176)
AffectNet loading: 2,520,000/5,822,624 samples (iteration 183, line 19,492/28,176)
AffectNet loading: 2,520,000/5,822,624 samples (iteration 183, line 19,493/28,176)
AffectNet loading: 2,500,000/5,822,624 samples (iteration 182, line 5,239/28,176)
AffectNet loading: 2,630,000/5,822,624 samples (iteration 191, line 18,958/28,176)
AffectNet loading: 2,450,000/5,822,624 samples (iteration 178, line 18,178/28,176)
AffectNet loading: 2,530,000/5,822,624 samples (iteration 184, line 10,794/28,176)
AffectNet loading: 2,510,000/5,822,624 samples (iteration 182, line 24,122/28,176)
AffectNet loading: 2,640,000/5,822,624 samples (iteration 192, line 10,369/28,176)
AffectNet loading: 2,460,000/5,822,624 samples (iteration 179, line 9,806/28,176)
AffectNet loading: 2,540,000/5,822,624 samples (iteration 185, line 1,882/28,176)
AffectNet loading: 2,540,000/5,822,624 samples (iteration 185, line 1,883/28,176)
AffectNet loading: 2,650,000/5,822,624 samples (iteration 192, line 27,998/28,176)
AffectNet loading: 2,520,000/5,822,624 samples (iteration 183, line 19,492/28,176)
AffectNet loading: 2,520,000/5,822,624 samples (iteration 183, line 19,493/28,176)
AffectNet loading: 2,470,000/5,822,624 samples (iteration 179, line 27,428/28,176)
AffectNet loading: 2,550,000/5,822,624 samples (iteration 185, line 22,686/28,176)
AffectNet loading: 2,530,000/5,822,624 samples (iteration 184, line 10,794/28,176)
AffectNet loading: 2,660,000/5,822,624 samples (iteration 193, line 22,249/28,176)
AffectNet loading: 2,480,000/5,822,624 samples (iteration 180, line 21,671/28,176)
AffectNet loading: 2,560,000/5,822,624 samples (iteration 186, line 15,571/28,176)
AffectNet loading: 2,540,000/5,822,624 samples (iteration 185, line 1,882/28,176)
AffectNet loading: 2,540,000/5,822,624 samples (iteration 185, line 1,883/28,176)
AffectNet loading: 2,670,000/5,822,624 samples (iteration 194, line 15,032/28,176)
AffectNet loading: 2,490,000/5,822,624 samples (iteration 181, line 14,347/28,176)
AffectNet loading: 2,570,000/5,822,624 samples (iteration 187, line 7,815/28,176)
AffectNet loading: 2,550,000/5,822,624 samples (iteration 185, line 22,686/28,176)
AffectNet loading: 2,680,000/5,822,624 samples (iteration 195, line 7,386/28,176)
AffectNet loading: 2,500,000/5,822,624 samples (iteration 182, line 5,239/28,176)
AffectNet loading: 2,580,000/5,822,624 samples (iteration 187, line 26,999/28,176)
AffectNet loading: 2,690,000/5,822,624 samples (iteration 195, line 26,570/28,176)
AffectNet loading: 2,560,000/5,822,624 samples (iteration 186, line 15,571/28,176)
AffectNet loading: 2,510,000/5,822,624 samples (iteration 182, line 24,122/28,176)
AffectNet loading: 2,590,000/5,822,624 samples (iteration 188, line 21,231/28,176)
AffectNet loading: 2,570,000/5,822,624 samples (iteration 187, line 7,815/28,176)
AffectNet loading: 2,700,000/5,822,624 samples (iteration 196, line 20,206/28,176)
AffectNet loading: 2,520,000/5,822,624 samples (iteration 183, line 19,492/28,176)
AffectNet loading: 2,520,000/5,822,624 samples (iteration 183, line 19,493/28,176)
AffectNet loading: 2,600,000/5,822,624 samples (iteration 189, line 13,809/28,176)
AffectNet loading: 2,580,000/5,822,624 samples (iteration 187, line 26,999/28,176)
AffectNet loading: 2,710,000/5,822,624 samples (iteration 197, line 13,287/28,176)
AffectNet loading: 2,530,000/5,822,624 samples (iteration 184, line 10,794/28,176)
AffectNet loading: 2,610,000/5,822,624 samples (iteration 190, line 2,900/28,176)
AffectNet loading: 2,720,000/5,822,624 samples (iteration 198, line 2,461/28,176)
AffectNet loading: 2,590,000/5,822,624 samples (iteration 188, line 21,231/28,176)
AffectNet loading: 2,540,000/5,822,624 samples (iteration 185, line 1,882/28,176)
AffectNet loading: 2,540,000/5,822,624 samples (iteration 185, line 1,883/28,176)
AffectNet loading: 2,620,000/5,822,624 samples (iteration 190, line 23,686/28,176)
AffectNet loading: 2,730,000/5,822,624 samples (iteration 198, line 23,251/28,176)
AffectNet loading: 2,600,000/5,822,624 samples (iteration 189, line 13,809/28,176)
AffectNet loading: 2,550,000/5,822,624 samples (iteration 185, line 22,686/28,176)
AffectNet loading: 2,630,000/5,822,624 samples (iteration 191, line 18,958/28,176)
AffectNet loading: 2,610,000/5,822,624 samples (iteration 190, line 2,900/28,176)
AffectNet loading: 2,740,000/5,822,624 samples (iteration 199, line 18,354/28,176)
AffectNet loading: 2,740,000/5,822,624 samples (iteration 199, line 18,355/28,176)
AffectNet loading: 2,560,000/5,822,624 samples (iteration 186, line 15,571/28,176)
AffectNet loading: 2,640,000/5,822,624 samples (iteration 192, line 10,369/28,176)
AffectNet loading: 2,620,000/5,822,624 samples (iteration 190, line 23,686/28,176)
AffectNet loading: 2,750,000/5,822,624 samples (iteration 200, line 9,944/28,176)
AffectNet loading: 2,570,000/5,822,624 samples (iteration 187, line 7,815/28,176)
AffectNet loading: 2,650,000/5,822,624 samples (iteration 192, line 27,998/28,176)
AffectNet loading: 2,760,000/5,822,624 samples (iteration 200, line 27,569/28,176)
AffectNet loading: 2,630,000/5,822,624 samples (iteration 191, line 18,958/28,176)
AffectNet loading: 2,580,000/5,822,624 samples (iteration 187, line 26,999/28,176)
AffectNet loading: 2,660,000/5,822,624 samples (iteration 193, line 22,249/28,176)
AffectNet loading: 2,770,000/5,822,624 samples (iteration 201, line 21,813/28,176)
AffectNet loading: 2,640,000/5,822,624 samples (iteration 192, line 10,369/28,176)
AffectNet loading: 2,590,000/5,822,624 samples (iteration 188, line 21,231/28,176)
AffectNet loading: 2,670,000/5,822,624 samples (iteration 194, line 15,032/28,176)
AffectNet loading: 2,650,000/5,822,624 samples (iteration 192, line 27,998/28,176)
AffectNet loading: 2,780,000/5,822,624 samples (iteration 202, line 14,519/28,176)
AffectNet loading: 2,600,000/5,822,624 samples (iteration 189, line 13,809/28,176)
AffectNet loading: 2,680,000/5,822,624 samples (iteration 195, line 7,386/28,176)
AffectNet loading: 2,790,000/5,822,624 samples (iteration 203, line 5,683/28,176)
AffectNet loading: 2,790,000/5,822,624 samples (iteration 203, line 5,684/28,176)
AffectNet loading: 2,660,000/5,822,624 samples (iteration 193, line 22,249/28,176)
AffectNet loading: 2,610,000/5,822,624 samples (iteration 190, line 2,900/28,176)
AffectNet loading: 2,690,000/5,822,624 samples (iteration 195, line 26,570/28,176)
AffectNet loading: 2,800,000/5,822,624 samples (iteration 203, line 26,140/28,176)
AffectNet loading: 2,670,000/5,822,624 samples (iteration 194, line 15,032/28,176)
AffectNet loading: 2,620,000/5,822,624 samples (iteration 190, line 23,686/28,176)
AffectNet loading: 2,700,000/5,822,624 samples (iteration 196, line 20,206/28,176)
AffectNet loading: 2,680,000/5,822,624 samples (iteration 195, line 7,386/28,176)
AffectNet loading: 2,810,000/5,822,624 samples (iteration 204, line 19,663/28,176)
AffectNet loading: 2,810,000/5,822,624 samples (iteration 204, line 19,664/28,176)
AffectNet loading: 2,630,000/5,822,624 samples (iteration 191, line 18,958/28,176)
AffectNet loading: 2,710,000/5,822,624 samples (iteration 197, line 13,287/28,176)
AffectNet loading: 2,820,000/5,822,624 samples (iteration 205, line 10,932/28,176)
AffectNet loading: 2,690,000/5,822,624 samples (iteration 195, line 26,570/28,176)
AffectNet loading: 2,640,000/5,822,624 samples (iteration 192, line 10,369/28,176)
AffectNet loading: 2,720,000/5,822,624 samples (iteration 198, line 2,461/28,176)
AffectNet loading: 2,830,000/5,822,624 samples (iteration 206, line 2,026/28,176)
AffectNet loading: 2,700,000/5,822,624 samples (iteration 196, line 20,206/28,176)
AffectNet loading: 2,650,000/5,822,624 samples (iteration 192, line 27,998/28,176)
AffectNet loading: 2,730,000/5,822,624 samples (iteration 198, line 23,251/28,176)
AffectNet loading: 2,840,000/5,822,624 samples (iteration 206, line 22,825/28,176)
AffectNet loading: 2,710,000/5,822,624 samples (iteration 197, line 13,287/28,176)
AffectNet loading: 2,660,000/5,822,624 samples (iteration 193, line 22,249/28,176)
AffectNet loading: 2,740,000/5,822,624 samples (iteration 199, line 18,354/28,176)
AffectNet loading: 2,740,000/5,822,624 samples (iteration 199, line 18,355/28,176)
AffectNet loading: 2,720,000/5,822,624 samples (iteration 198, line 2,461/28,176)
AffectNet loading: 2,850,000/5,822,624 samples (iteration 207, line 17,806/28,176)
AffectNet loading: 2,670,000/5,822,624 samples (iteration 194, line 15,032/28,176)
AffectNet loading: 2,750,000/5,822,624 samples (iteration 200, line 9,944/28,176)
AffectNet loading: 2,860,000/5,822,624 samples (iteration 208, line 7,955/28,176)
AffectNet loading: 2,730,000/5,822,624 samples (iteration 198, line 23,251/28,176)
AffectNet loading: 2,680,000/5,822,624 samples (iteration 195, line 7,386/28,176)
AffectNet loading: 2,760,000/5,822,624 samples (iteration 200, line 27,569/28,176)
AffectNet loading: 2,870,000/5,822,624 samples (iteration 208, line 27,137/28,176)
AffectNet loading: 2,740,000/5,822,624 samples (iteration 199, line 18,354/28,176)
AffectNet loading: 2,740,000/5,822,624 samples (iteration 199, line 18,355/28,176)
AffectNet loading: 2,690,000/5,822,624 samples (iteration 195, line 26,570/28,176)
AffectNet loading: 2,770,000/5,822,624 samples (iteration 201, line 21,813/28,176)
AffectNet loading: 2,880,000/5,822,624 samples (iteration 209, line 21,375/28,176)
AffectNet loading: 2,750,000/5,822,624 samples (iteration 200, line 9,944/28,176)
AffectNet loading: 2,700,000/5,822,624 samples (iteration 196, line 20,206/28,176)
AffectNet loading: 2,780,000/5,822,624 samples (iteration 202, line 14,519/28,176)
AffectNet loading: 2,760,000/5,822,624 samples (iteration 200, line 27,569/28,176)
AffectNet loading: 2,890,000/5,822,624 samples (iteration 210, line 13,982/28,176)
AffectNet loading: 2,890,000/5,822,624 samples (iteration 210, line 13,983/28,176)
AffectNet loading: 2,710,000/5,822,624 samples (iteration 197, line 13,287/28,176)
AffectNet loading: 2,790,000/5,822,624 samples (iteration 203, line 5,683/28,176)
AffectNet loading: 2,790,000/5,822,624 samples (iteration 203, line 5,684/28,176)
AffectNet loading: 2,900,000/5,822,624 samples (iteration 211, line 4,319/28,176)
AffectNet loading: 2,770,000/5,822,624 samples (iteration 201, line 21,813/28,176)
AffectNet loading: 2,720,000/5,822,624 samples (iteration 198, line 2,461/28,176)
AffectNet loading: 2,800,000/5,822,624 samples (iteration 203, line 26,140/28,176)
AffectNet loading: 2,910,000/5,822,624 samples (iteration 211, line 23,825/28,176)
AffectNet loading: 2,780,000/5,822,624 samples (iteration 202, line 14,519/28,176)
AffectNet loading: 2,730,000/5,822,624 samples (iteration 198, line 23,251/28,176)
AffectNet loading: 2,810,000/5,822,624 samples (iteration 204, line 19,663/28,176)
AffectNet loading: 2,810,000/5,822,624 samples (iteration 204, line 19,664/28,176)
AffectNet loading: 2,790,000/5,822,624 samples (iteration 203, line 5,683/28,176)
AffectNet loading: 2,790,000/5,822,624 samples (iteration 203, line 5,684/28,176)
AffectNet loading: 2,920,000/5,822,624 samples (iteration 212, line 19,135/28,176)
AffectNet loading: 2,740,000/5,822,624 samples (iteration 199, line 18,354/28,176)
AffectNet loading: 2,740,000/5,822,624 samples (iteration 199, line 18,355/28,176)
AffectNet loading: 2,820,000/5,822,624 samples (iteration 205, line 10,932/28,176)
AffectNet loading: 2,930,000/5,822,624 samples (iteration 213, line 10,507/28,176)
AffectNet loading: 2,800,000/5,822,624 samples (iteration 203, line 26,140/28,176)
AffectNet loading: 2,750,000/5,822,624 samples (iteration 200, line 9,944/28,176)
AffectNet loading: 2,830,000/5,822,624 samples (iteration 206, line 2,026/28,176)
AffectNet loading: 2,940,000/5,822,624 samples (iteration 213, line 28,136/28,176)
AffectNet loading: 2,810,000/5,822,624 samples (iteration 204, line 19,663/28,176)
AffectNet loading: 2,810,000/5,822,624 samples (iteration 204, line 19,664/28,176)
AffectNet loading: 2,760,000/5,822,624 samples (iteration 200, line 27,569/28,176)
AffectNet loading: 2,840,000/5,822,624 samples (iteration 206, line 22,825/28,176)
AffectNet loading: 2,950,000/5,822,624 samples (iteration 214, line 22,388/28,176)
AffectNet loading: 2,820,000/5,822,624 samples (iteration 205, line 10,932/28,176)
AffectNet loading: 2,770,000/5,822,624 samples (iteration 201, line 21,813/28,176)
AffectNet loading: 2,850,000/5,822,624 samples (iteration 207, line 17,806/28,176)
AffectNet loading: 2,960,000/5,822,624 samples (iteration 215, line 15,206/28,176)
AffectNet loading: 2,830,000/5,822,624 samples (iteration 206, line 2,026/28,176)
AffectNet loading: 2,780,000/5,822,624 samples (iteration 202, line 14,519/28,176)
AffectNet loading: 2,860,000/5,822,624 samples (iteration 208, line 7,955/28,176)
AffectNet loading: 2,970,000/5,822,624 samples (iteration 216, line 7,524/28,176)
AffectNet loading: 2,840,000/5,822,624 samples (iteration 206, line 22,825/28,176)
AffectNet loading: 2,790,000/5,822,624 samples (iteration 203, line 5,683/28,176)
AffectNet loading: 2,790,000/5,822,624 samples (iteration 203, line 5,684/28,176)
AffectNet loading: 2,870,000/5,822,624 samples (iteration 208, line 27,137/28,176)
AffectNet loading: 2,980,000/5,822,624 samples (iteration 216, line 26,708/28,176)
AffectNet loading: 2,850,000/5,822,624 samples (iteration 207, line 17,806/28,176)
AffectNet loading: 2,800,000/5,822,624 samples (iteration 203, line 26,140/28,176)
AffectNet loading: 2,880,000/5,822,624 samples (iteration 209, line 21,375/28,176)
AffectNet loading: 2,990,000/5,822,624 samples (iteration 217, line 20,386/28,176)
AffectNet loading: 2,860,000/5,822,624 samples (iteration 208, line 7,955/28,176)
AffectNet loading: 2,810,000/5,822,624 samples (iteration 204, line 19,663/28,176)
AffectNet loading: 2,810,000/5,822,624 samples (iteration 204, line 19,664/28,176)
AffectNet loading: 2,890,000/5,822,624 samples (iteration 210, line 13,982/28,176)
AffectNet loading: 2,890,000/5,822,624 samples (iteration 210, line 13,983/28,176)
AffectNet loading: 3,000,000/5,822,624 samples (iteration 218, line 13,458/28,176)
AffectNet loading: 2,870,000/5,822,624 samples (iteration 208, line 27,137/28,176)
AffectNet loading: 2,820,000/5,822,624 samples (iteration 205, line 10,932/28,176)
AffectNet loading: 2,900,000/5,822,624 samples (iteration 211, line 4,319/28,176)
AffectNet loading: 3,010,000/5,822,624 samples (iteration 219, line 2,603/28,176)
AffectNet loading: 3,010,000/5,822,624 samples (iteration 219, line 2,604/28,176)
AffectNet loading: 2,880,000/5,822,624 samples (iteration 209, line 21,375/28,176)
AffectNet loading: 2,910,000/5,822,624 samples (iteration 211, line 23,825/28,176)
AffectNet loading: 2,830,000/5,822,624 samples (iteration 206, line 2,026/28,176)
AffectNet loading: 3,020,000/5,822,624 samples (iteration 219, line 23,389/28,176)
AffectNet loading: 2,890,000/5,822,624 samples (iteration 210, line 13,982/28,176)
AffectNet loading: 2,890,000/5,822,624 samples (iteration 210, line 13,983/28,176)
AffectNet loading: 2,840,000/5,822,624 samples (iteration 206, line 22,825/28,176)
AffectNet loading: 2,920,000/5,822,624 samples (iteration 212, line 19,135/28,176)
AffectNet loading: 3,030,000/5,822,624 samples (iteration 220, line 18,607/28,176)
AffectNet loading: 2,900,000/5,822,624 samples (iteration 211, line 4,319/28,176)
AffectNet loading: 2,930,000/5,822,624 samples (iteration 213, line 10,507/28,176)
AffectNet loading: 2,850,000/5,822,624 samples (iteration 207, line 17,806/28,176)
AffectNet loading: 3,040,000/5,822,624 samples (iteration 221, line 10,081/28,176)
AffectNet loading: 2,910,000/5,822,624 samples (iteration 211, line 23,825/28,176)
AffectNet loading: 2,860,000/5,822,624 samples (iteration 208, line 7,955/28,176)
AffectNet loading: 2,940,000/5,822,624 samples (iteration 213, line 28,136/28,176)
AffectNet loading: 3,050,000/5,822,624 samples (iteration 221, line 27,708/28,176)
AffectNet loading: 2,920,000/5,822,624 samples (iteration 212, line 19,135/28,176)
AffectNet loading: 2,870,000/5,822,624 samples (iteration 208, line 27,137/28,176)
AffectNet loading: 2,950,000/5,822,624 samples (iteration 214, line 22,388/28,176)
AffectNet loading: 3,060,000/5,822,624 samples (iteration 222, line 21,955/28,176)
AffectNet loading: 2,930,000/5,822,624 samples (iteration 213, line 10,507/28,176)
AffectNet loading: 2,880,000/5,822,624 samples (iteration 209, line 21,375/28,176)
AffectNet loading: 2,960,000/5,822,624 samples (iteration 215, line 15,206/28,176)
AffectNet loading: 2,940,000/5,822,624 samples (iteration 213, line 28,136/28,176)
AffectNet loading: 3,070,000/5,822,624 samples (iteration 223, line 14,687/28,176)
AffectNet loading: 2,890,000/5,822,624 samples (iteration 210, line 13,982/28,176)
AffectNet loading: 2,890,000/5,822,624 samples (iteration 210, line 13,983/28,176)
AffectNet loading: 2,970,000/5,822,624 samples (iteration 216, line 7,524/28,176)
AffectNet loading: 3,080,000/5,822,624 samples (iteration 224, line 7,094/28,176)
AffectNet loading: 2,950,000/5,822,624 samples (iteration 214, line 22,388/28,176)
AffectNet loading: 2,900,000/5,822,624 samples (iteration 211, line 4,319/28,176)
AffectNet loading: 2,980,000/5,822,624 samples (iteration 216, line 26,708/28,176)
AffectNet loading: 3,090,000/5,822,624 samples (iteration 224, line 26,277/28,176)
AffectNet loading: 2,960,000/5,822,624 samples (iteration 215, line 15,206/28,176)
AffectNet loading: 2,910,000/5,822,624 samples (iteration 211, line 23,825/28,176)
AffectNet loading: 2,990,000/5,822,624 samples (iteration 217, line 20,386/28,176)
AffectNet loading: 2,970,000/5,822,624 samples (iteration 216, line 7,524/28,176)
AffectNet loading: 3,100,000/5,822,624 samples (iteration 225, line 19,839/28,176)
AffectNet loading: 3,000,000/5,822,624 samples (iteration 218, line 13,458/28,176)
AffectNet loading: 2,920,000/5,822,624 samples (iteration 212, line 19,135/28,176)
AffectNet loading: 3,110,000/5,822,624 samples (iteration 226, line 11,071/28,176)
AffectNet loading: 2,980,000/5,822,624 samples (iteration 216, line 26,708/28,176)
AffectNet loading: 3,010,000/5,822,624 samples (iteration 219, line 2,603/28,176)
AffectNet loading: 3,010,000/5,822,624 samples (iteration 219, line 2,604/28,176)
AffectNet loading: 2,930,000/5,822,624 samples (iteration 213, line 10,507/28,176)
AffectNet loading: 3,120,000/5,822,624 samples (iteration 227, line 2,168/28,176)
AffectNet loading: 2,990,000/5,822,624 samples (iteration 217, line 20,386/28,176)
AffectNet loading: 2,940,000/5,822,624 samples (iteration 213, line 28,136/28,176)
AffectNet loading: 3,020,000/5,822,624 samples (iteration 219, line 23,389/28,176)
AffectNet loading: 3,130,000/5,822,624 samples (iteration 227, line 22,963/28,176)
AffectNet loading: 3,000,000/5,822,624 samples (iteration 218, line 13,458/28,176)
AffectNet loading: 2,950,000/5,822,624 samples (iteration 214, line 22,388/28,176)
AffectNet loading: 3,030,000/5,822,624 samples (iteration 220, line 18,607/28,176)
AffectNet loading: 3,010,000/5,822,624 samples (iteration 219, line 2,603/28,176)
AffectNet loading: 3,010,000/5,822,624 samples (iteration 219, line 2,604/28,176)
AffectNet loading: 3,140,000/5,822,624 samples (iteration 228, line 17,990/28,176)
AffectNet loading: 3,040,000/5,822,624 samples (iteration 221, line 10,081/28,176)
AffectNet loading: 2,960,000/5,822,624 samples (iteration 215, line 15,206/28,176)
AffectNet loading: 3,150,000/5,822,624 samples (iteration 229, line 8,094/28,176)
AffectNet loading: 3,020,000/5,822,624 samples (iteration 219, line 23,389/28,176)
AffectNet loading: 2,970,000/5,822,624 samples (iteration 216, line 7,524/28,176)
AffectNet loading: 3,050,000/5,822,624 samples (iteration 221, line 27,708/28,176)
AffectNet loading: 3,160,000/5,822,624 samples (iteration 229, line 27,275/28,176)
AffectNet loading: 3,030,000/5,822,624 samples (iteration 220, line 18,607/28,176)
AffectNet loading: 2,980,000/5,822,624 samples (iteration 216, line 26,708/28,176)
AffectNet loading: 3,060,000/5,822,624 samples (iteration 222, line 21,955/28,176)
AffectNet loading: 3,170,000/5,822,624 samples (iteration 230, line 21,517/28,176)
AffectNet loading: 3,040,000/5,822,624 samples (iteration 221, line 10,081/28,176)
AffectNet loading: 2,990,000/5,822,624 samples (iteration 217, line 20,386/28,176)
AffectNet loading: 3,070,000/5,822,624 samples (iteration 223, line 14,687/28,176)
AffectNet loading: 3,180,000/5,822,624 samples (iteration 231, line 14,156/28,176)
AffectNet loading: 3,050,000/5,822,624 samples (iteration 221, line 27,708/28,176)
AffectNet loading: 3,000,000/5,822,624 samples (iteration 218, line 13,458/28,176)
AffectNet loading: 3,080,000/5,822,624 samples (iteration 224, line 7,094/28,176)
AffectNet loading: 3,190,000/5,822,624 samples (iteration 232, line 4,725/28,176)
AffectNet loading: 3,190,000/5,822,624 samples (iteration 232, line 4,726/28,176)
AffectNet loading: 3,190,000/5,822,624 samples (iteration 232, line 4,727/28,176)
AffectNet loading: 3,060,000/5,822,624 samples (iteration 222, line 21,955/28,176)
AffectNet loading: 3,010,000/5,822,624 samples (iteration 219, line 2,603/28,176)
AffectNet loading: 3,010,000/5,822,624 samples (iteration 219, line 2,604/28,176)
AffectNet loading: 3,090,000/5,822,624 samples (iteration 224, line 26,277/28,176)
AffectNet loading: 3,200,000/5,822,624 samples (iteration 232, line 23,968/28,176)
AffectNet loading: 3,070,000/5,822,624 samples (iteration 223, line 14,687/28,176)
AffectNet loading: 3,020,000/5,822,624 samples (iteration 219, line 23,389/28,176)
AffectNet loading: 3,100,000/5,822,624 samples (iteration 225, line 19,839/28,176)
AffectNet loading: 3,210,000/5,822,624 samples (iteration 233, line 19,308/28,176)
AffectNet loading: 3,080,000/5,822,624 samples (iteration 224, line 7,094/28,176)
AffectNet loading: 3,030,000/5,822,624 samples (iteration 220, line 18,607/28,176)
AffectNet loading: 3,110,000/5,822,624 samples (iteration 226, line 11,071/28,176)
AffectNet loading: 3,220,000/5,822,624 samples (iteration 234, line 10,644/28,176)
AffectNet loading: 3,090,000/5,822,624 samples (iteration 224, line 26,277/28,176)
AffectNet loading: 3,040,000/5,822,624 samples (iteration 221, line 10,081/28,176)
AffectNet loading: 3,120,000/5,822,624 samples (iteration 227, line 2,168/28,176)
AffectNet loading: 3,230,000/5,822,624 samples (iteration 235, line 1,730/28,176)
AffectNet loading: 3,100,000/5,822,624 samples (iteration 225, line 19,839/28,176)
AffectNet loading: 3,130,000/5,822,624 samples (iteration 227, line 22,963/28,176)
AffectNet loading: 3,050,000/5,822,624 samples (iteration 221, line 27,708/28,176)
AffectNet loading: 3,240,000/5,822,624 samples (iteration 235, line 22,533/28,176)
AffectNet loading: 3,110,000/5,822,624 samples (iteration 226, line 11,071/28,176)
AffectNet loading: 3,140,000/5,822,624 samples (iteration 228, line 17,990/28,176)
AffectNet loading: 3,060,000/5,822,624 samples (iteration 222, line 21,955/28,176)
AffectNet loading: 3,250,000/5,822,624 samples (iteration 236, line 15,387/28,176)
AffectNet loading: 3,120,000/5,822,624 samples (iteration 227, line 2,168/28,176)
AffectNet loading: 3,150,000/5,822,624 samples (iteration 229, line 8,094/28,176)
AffectNet loading: 3,070,000/5,822,624 samples (iteration 223, line 14,687/28,176)
AffectNet loading: 3,260,000/5,822,624 samples (iteration 237, line 7,664/28,176)
AffectNet loading: 3,130,000/5,822,624 samples (iteration 227, line 22,963/28,176)
AffectNet loading: 3,160,000/5,822,624 samples (iteration 229, line 27,275/28,176)
AffectNet loading: 3,080,000/5,822,624 samples (iteration 224, line 7,094/28,176)
AffectNet loading: 3,270,000/5,822,624 samples (iteration 237, line 26,849/28,176)
AffectNet loading: 3,140,000/5,822,624 samples (iteration 228, line 17,990/28,176)
AffectNet loading: 3,170,000/5,822,624 samples (iteration 230, line 21,517/28,176)
AffectNet loading: 3,090,000/5,822,624 samples (iteration 224, line 26,277/28,176)
AffectNet loading: 3,280,000/5,822,624 samples (iteration 238, line 20,566/28,176)
AffectNet loading: 3,150,000/5,822,624 samples (iteration 229, line 8,094/28,176)
AffectNet loading: 3,180,000/5,822,624 samples (iteration 231, line 14,156/28,176)
AffectNet loading: 3,100,000/5,822,624 samples (iteration 225, line 19,839/28,176)
AffectNet loading: 3,290,000/5,822,624 samples (iteration 239, line 13,624/28,176)
AffectNet loading: 3,160,000/5,822,624 samples (iteration 229, line 27,275/28,176)
AffectNet loading: 3,190,000/5,822,624 samples (iteration 232, line 4,725/28,176)
AffectNet loading: 3,190,000/5,822,624 samples (iteration 232, line 4,726/28,176)
AffectNet loading: 3,190,000/5,822,624 samples (iteration 232, line 4,727/28,176)
AffectNet loading: 3,110,000/5,822,624 samples (iteration 226, line 11,071/28,176)
AffectNet loading: 3,300,000/5,822,624 samples (iteration 240, line 2,745/28,176)
AffectNet loading: 3,170,000/5,822,624 samples (iteration 230, line 21,517/28,176)
AffectNet loading: 3,200,000/5,822,624 samples (iteration 232, line 23,968/28,176)
AffectNet loading: 3,120,000/5,822,624 samples (iteration 227, line 2,168/28,176)
AffectNet loading: 3,310,000/5,822,624 samples (iteration 240, line 23,531/28,176)
AffectNet loading: 3,180,000/5,822,624 samples (iteration 231, line 14,156/28,176)
AffectNet loading: 3,210,000/5,822,624 samples (iteration 233, line 19,308/28,176)
AffectNet loading: 3,130,000/5,822,624 samples (iteration 227, line 22,963/28,176)
AffectNet loading: 3,320,000/5,822,624 samples (iteration 241, line 18,775/28,176)
AffectNet loading: 3,190,000/5,822,624 samples (iteration 232, line 4,725/28,176)
AffectNet loading: 3,190,000/5,822,624 samples (iteration 232, line 4,726/28,176)
AffectNet loading: 3,190,000/5,822,624 samples (iteration 232, line 4,727/28,176)
AffectNet loading: 3,220,000/5,822,624 samples (iteration 234, line 10,644/28,176)
AffectNet loading: 3,330,000/5,822,624 samples (iteration 242, line 10,218/28,176)
AffectNet loading: 3,140,000/5,822,624 samples (iteration 228, line 17,990/28,176)
AffectNet loading: 3,200,000/5,822,624 samples (iteration 232, line 23,968/28,176)
AffectNet loading: 3,230,000/5,822,624 samples (iteration 235, line 1,730/28,176)
AffectNet loading: 3,340,000/5,822,624 samples (iteration 242, line 27,846/28,176)
AffectNet loading: 3,150,000/5,822,624 samples (iteration 229, line 8,094/28,176)
AffectNet loading: 3,210,000/5,822,624 samples (iteration 233, line 19,308/28,176)
AffectNet loading: 3,240,000/5,822,624 samples (iteration 235, line 22,533/28,176)
AffectNet loading: 3,160,000/5,822,624 samples (iteration 229, line 27,275/28,176)
AffectNet loading: 3,350,000/5,822,624 samples (iteration 243, line 22,096/28,176)
AffectNet loading: 3,220,000/5,822,624 samples (iteration 234, line 10,644/28,176)
AffectNet loading: 3,250,000/5,822,624 samples (iteration 236, line 15,387/28,176)
AffectNet loading: 3,360,000/5,822,624 samples (iteration 244, line 14,851/28,176)
AffectNet loading: 3,170,000/5,822,624 samples (iteration 230, line 21,517/28,176)
AffectNet loading: 3,230,000/5,822,624 samples (iteration 235, line 1,730/28,176)
AffectNet loading: 3,260,000/5,822,624 samples (iteration 237, line 7,664/28,176)
AffectNet loading: 3,370,000/5,822,624 samples (iteration 245, line 7,232/28,176)
AffectNet loading: 3,180,000/5,822,624 samples (iteration 231, line 14,156/28,176)
AffectNet loading: 3,240,000/5,822,624 samples (iteration 235, line 22,533/28,176)
AffectNet loading: 3,270,000/5,822,624 samples (iteration 237, line 26,849/28,176)
AffectNet loading: 3,380,000/5,822,624 samples (iteration 245, line 26,418/28,176)
AffectNet loading: 3,190,000/5,822,624 samples (iteration 232, line 4,725/28,176)
AffectNet loading: 3,190,000/5,822,624 samples (iteration 232, line 4,726/28,176)
AffectNet loading: 3,190,000/5,822,624 samples (iteration 232, line 4,727/28,176)
AffectNet loading: 3,250,000/5,822,624 samples (iteration 236, line 15,387/28,176)
AffectNet loading: 3,280,000/5,822,624 samples (iteration 238, line 20,566/28,176)
AffectNet loading: 3,390,000/5,822,624 samples (iteration 246, line 20,014/28,176)
AffectNet loading: 3,390,000/5,822,624 samples (iteration 246, line 20,015/28,176)
AffectNet loading: 3,390,000/5,822,624 samples (iteration 246, line 20,016/28,176)
AffectNet loading: 3,200,000/5,822,624 samples (iteration 232, line 23,968/28,176)
AffectNet loading: 3,260,000/5,822,624 samples (iteration 237, line 7,664/28,176)
AffectNet loading: 3,290,000/5,822,624 samples (iteration 239, line 13,624/28,176)
AffectNet loading: 3,400,000/5,822,624 samples (iteration 247, line 13,113/28,176)
AffectNet loading: 3,210,000/5,822,624 samples (iteration 233, line 19,308/28,176)
AffectNet loading: 3,270,000/5,822,624 samples (iteration 237, line 26,849/28,176)
AffectNet loading: 3,300,000/5,822,624 samples (iteration 240, line 2,745/28,176)
AffectNet loading: 3,410,000/5,822,624 samples (iteration 248, line 2,306/28,176)
AffectNet loading: 3,220,000/5,822,624 samples (iteration 234, line 10,644/28,176)
AffectNet loading: 3,280,000/5,822,624 samples (iteration 238, line 20,566/28,176)
AffectNet loading: 3,310,000/5,822,624 samples (iteration 240, line 23,531/28,176)
AffectNet loading: 3,420,000/5,822,624 samples (iteration 248, line 23,101/28,176)
AffectNet loading: 3,230,000/5,822,624 samples (iteration 235, line 1,730/28,176)
AffectNet loading: 3,290,000/5,822,624 samples (iteration 239, line 13,624/28,176)
AffectNet loading: 3,320,000/5,822,624 samples (iteration 241, line 18,775/28,176)
AffectNet loading: 3,430,000/5,822,624 samples (iteration 249, line 18,161/28,176)
AffectNet loading: 3,240,000/5,822,624 samples (iteration 235, line 22,533/28,176)
AffectNet loading: 3,300,000/5,822,624 samples (iteration 240, line 2,745/28,176)
AffectNet loading: 3,330,000/5,822,624 samples (iteration 242, line 10,218/28,176)
AffectNet loading: 3,440,000/5,822,624 samples (iteration 250, line 9,793/28,176)
AffectNet loading: 3,250,000/5,822,624 samples (iteration 236, line 15,387/28,176)
AffectNet loading: 3,310,000/5,822,624 samples (iteration 240, line 23,531/28,176)
AffectNet loading: 3,340,000/5,822,624 samples (iteration 242, line 27,846/28,176)
AffectNet loading: 3,450,000/5,822,624 samples (iteration 250, line 27,415/28,176)
AffectNet loading: 3,260,000/5,822,624 samples (iteration 237, line 7,664/28,176)
AffectNet loading: 3,320,000/5,822,624 samples (iteration 241, line 18,775/28,176)
AffectNet loading: 3,350,000/5,822,624 samples (iteration 243, line 22,096/28,176)
AffectNet loading: 3,460,000/5,822,624 samples (iteration 251, line 21,656/28,176)
AffectNet loading: 3,270,000/5,822,624 samples (iteration 237, line 26,849/28,176)
AffectNet loading: 3,330,000/5,822,624 samples (iteration 242, line 10,218/28,176)
AffectNet loading: 3,360,000/5,822,624 samples (iteration 244, line 14,851/28,176)
AffectNet loading: 3,470,000/5,822,624 samples (iteration 252, line 14,330/28,176)
AffectNet loading: 3,470,000/5,822,624 samples (iteration 252, line 14,331/28,176)
AffectNet loading: 3,280,000/5,822,624 samples (iteration 238, line 20,566/28,176)
AffectNet loading: 3,340,000/5,822,624 samples (iteration 242, line 27,846/28,176)
AffectNet loading: 3,370,000/5,822,624 samples (iteration 245, line 7,232/28,176)
AffectNet loading: 3,480,000/5,822,624 samples (iteration 253, line 5,203/28,176)
AffectNet loading: 3,480,000/5,822,624 samples (iteration 253, line 5,204/28,176)
AffectNet loading: 3,290,000/5,822,624 samples (iteration 239, line 13,624/28,176)
AffectNet loading: 3,350,000/5,822,624 samples (iteration 243, line 22,096/28,176)
AffectNet loading: 3,380,000/5,822,624 samples (iteration 245, line 26,418/28,176)
AffectNet loading: 3,490,000/5,822,624 samples (iteration 253, line 24,109/28,176)
AffectNet loading: 3,300,000/5,822,624 samples (iteration 240, line 2,745/28,176)
AffectNet loading: 3,360,000/5,822,624 samples (iteration 244, line 14,851/28,176)
AffectNet loading: 3,390,000/5,822,624 samples (iteration 246, line 20,014/28,176)
AffectNet loading: 3,390,000/5,822,624 samples (iteration 246, line 20,015/28,176)
AffectNet loading: 3,390,000/5,822,624 samples (iteration 246, line 20,016/28,176)
AffectNet loading: 3,500,000/5,822,624 samples (iteration 254, line 19,474/28,176)
AffectNet loading: 3,310,000/5,822,624 samples (iteration 240, line 23,531/28,176)
AffectNet loading: 3,370,000/5,822,624 samples (iteration 245, line 7,232/28,176)
AffectNet loading: 3,400,000/5,822,624 samples (iteration 247, line 13,113/28,176)
AffectNet loading: 3,510,000/5,822,624 samples (iteration 255, line 10,781/28,176)
AffectNet loading: 3,320,000/5,822,624 samples (iteration 241, line 18,775/28,176)
AffectNet loading: 3,380,000/5,822,624 samples (iteration 245, line 26,418/28,176)
AffectNet loading: 3,410,000/5,822,624 samples (iteration 248, line 2,306/28,176)
AffectNet loading: 3,520,000/5,822,624 samples (iteration 256, line 1,869/28,176)
AffectNet loading: 3,330,000/5,822,624 samples (iteration 242, line 10,218/28,176)
AffectNet loading: 3,390,000/5,822,624 samples (iteration 246, line 20,014/28,176)
AffectNet loading: 3,390,000/5,822,624 samples (iteration 246, line 20,015/28,176)
AffectNet loading: 3,390,000/5,822,624 samples (iteration 246, line 20,016/28,176)
AffectNet loading: 3,420,000/5,822,624 samples (iteration 248, line 23,101/28,176)
AffectNet loading: 3,530,000/5,822,624 samples (iteration 256, line 22,673/28,176)
AffectNet loading: 3,340,000/5,822,624 samples (iteration 242, line 27,846/28,176)
AffectNet loading: 3,400,000/5,822,624 samples (iteration 247, line 13,113/28,176)
AffectNet loading: 3,430,000/5,822,624 samples (iteration 249, line 18,161/28,176)
AffectNet loading: 3,540,000/5,822,624 samples (iteration 257, line 15,556/28,176)
AffectNet loading: 3,350,000/5,822,624 samples (iteration 243, line 22,096/28,176)
AffectNet loading: 3,410,000/5,822,624 samples (iteration 248, line 2,306/28,176)
AffectNet loading: 3,440,000/5,822,624 samples (iteration 250, line 9,793/28,176)
AffectNet loading: 3,550,000/5,822,624 samples (iteration 258, line 7,802/28,176)
AffectNet loading: 3,360,000/5,822,624 samples (iteration 244, line 14,851/28,176)
AffectNet loading: 3,420,000/5,822,624 samples (iteration 248, line 23,101/28,176)
AffectNet loading: 3,450,000/5,822,624 samples (iteration 250, line 27,415/28,176)
AffectNet loading: 3,560,000/5,822,624 samples (iteration 258, line 26,986/28,176)
AffectNet loading: 3,370,000/5,822,624 samples (iteration 245, line 7,232/28,176)
AffectNet loading: 3,430,000/5,822,624 samples (iteration 249, line 18,161/28,176)
AffectNet loading: 3,460,000/5,822,624 samples (iteration 251, line 21,656/28,176)
AffectNet loading: 3,570,000/5,822,624 samples (iteration 259, line 21,215/28,176)
AffectNet loading: 3,380,000/5,822,624 samples (iteration 245, line 26,418/28,176)
AffectNet loading: 3,440,000/5,822,624 samples (iteration 250, line 9,793/28,176)
AffectNet loading: 3,470,000/5,822,624 samples (iteration 252, line 14,330/28,176)
AffectNet loading: 3,470,000/5,822,624 samples (iteration 252, line 14,331/28,176)
AffectNet loading: 3,580,000/5,822,624 samples (iteration 260, line 13,793/28,176)
AffectNet loading: 3,580,000/5,822,624 samples (iteration 260, line 13,794/28,176)
AffectNet loading: 3,580,000/5,822,624 samples (iteration 260, line 13,795/28,176)
AffectNet loading: 3,390,000/5,822,624 samples (iteration 246, line 20,014/28,176)
AffectNet loading: 3,390,000/5,822,624 samples (iteration 246, line 20,015/28,176)
AffectNet loading: 3,390,000/5,822,624 samples (iteration 246, line 20,016/28,176)
AffectNet loading: 3,450,000/5,822,624 samples (iteration 250, line 27,415/28,176)
AffectNet loading: 3,480,000/5,822,624 samples (iteration 253, line 5,203/28,176)
AffectNet loading: 3,480,000/5,822,624 samples (iteration 253, line 5,204/28,176)
AffectNet loading: 3,590,000/5,822,624 samples (iteration 261, line 2,887/28,176)
AffectNet loading: 3,400,000/5,822,624 samples (iteration 247, line 13,113/28,176)
AffectNet loading: 3,460,000/5,822,624 samples (iteration 251, line 21,656/28,176)
AffectNet loading: 3,490,000/5,822,624 samples (iteration 253, line 24,109/28,176)
AffectNet loading: 3,600,000/5,822,624 samples (iteration 261, line 23,672/28,176)
AffectNet loading: 3,600,000/5,822,624 samples (iteration 261, line 23,673/28,176)
AffectNet loading: 3,410,000/5,822,624 samples (iteration 248, line 2,306/28,176)
AffectNet loading: 3,470,000/5,822,624 samples (iteration 252, line 14,330/28,176)
AffectNet loading: 3,470,000/5,822,624 samples (iteration 252, line 14,331/28,176)
AffectNet loading: 3,500,000/5,822,624 samples (iteration 254, line 19,474/28,176)
AffectNet loading: 3,610,000/5,822,624 samples (iteration 262, line 18,942/28,176)
AffectNet loading: 3,420,000/5,822,624 samples (iteration 248, line 23,101/28,176)
AffectNet loading: 3,480,000/5,822,624 samples (iteration 253, line 5,203/28,176)
AffectNet loading: 3,480,000/5,822,624 samples (iteration 253, line 5,204/28,176)
AffectNet loading: 3,510,000/5,822,624 samples (iteration 255, line 10,781/28,176)
AffectNet loading: 3,620,000/5,822,624 samples (iteration 263, line 10,355/28,176)
AffectNet loading: 3,430,000/5,822,624 samples (iteration 249, line 18,161/28,176)
AffectNet loading: 3,490,000/5,822,624 samples (iteration 253, line 24,109/28,176)
AffectNet loading: 3,520,000/5,822,624 samples (iteration 256, line 1,869/28,176)
AffectNet loading: 3,630,000/5,822,624 samples (iteration 263, line 27,985/28,176)
AffectNet loading: 3,440,000/5,822,624 samples (iteration 250, line 9,793/28,176)
AffectNet loading: 3,500,000/5,822,624 samples (iteration 254, line 19,474/28,176)
AffectNet loading: 3,530,000/5,822,624 samples (iteration 256, line 22,673/28,176)
AffectNet loading: 3,640,000/5,822,624 samples (iteration 264, line 22,236/28,176)
AffectNet loading: 3,450,000/5,822,624 samples (iteration 250, line 27,415/28,176)
AffectNet loading: 3,510,000/5,822,624 samples (iteration 255, line 10,781/28,176)
AffectNet loading: 3,540,000/5,822,624 samples (iteration 257, line 15,556/28,176)
AffectNet loading: 3,650,000/5,822,624 samples (iteration 265, line 15,018/28,176)
AffectNet loading: 3,460,000/5,822,624 samples (iteration 251, line 21,656/28,176)
AffectNet loading: 3,520,000/5,822,624 samples (iteration 256, line 1,869/28,176)
AffectNet loading: 3,550,000/5,822,624 samples (iteration 258, line 7,802/28,176)
AffectNet loading: 3,660,000/5,822,624 samples (iteration 266, line 7,373/28,176)
AffectNet loading: 3,470,000/5,822,624 samples (iteration 252, line 14,330/28,176)
AffectNet loading: 3,470,000/5,822,624 samples (iteration 252, line 14,331/28,176)
AffectNet loading: 3,530,000/5,822,624 samples (iteration 256, line 22,673/28,176)
AffectNet loading: 3,560,000/5,822,624 samples (iteration 258, line 26,986/28,176)
AffectNet loading: 3,670,000/5,822,624 samples (iteration 266, line 26,557/28,176)
AffectNet loading: 3,480,000/5,822,624 samples (iteration 253, line 5,203/28,176)
AffectNet loading: 3,480,000/5,822,624 samples (iteration 253, line 5,204/28,176)
AffectNet loading: 3,540,000/5,822,624 samples (iteration 257, line 15,556/28,176)
AffectNet loading: 3,570,000/5,822,624 samples (iteration 259, line 21,215/28,176)
AffectNet loading: 3,680,000/5,822,624 samples (iteration 267, line 20,189/28,176)
AffectNet loading: 3,490,000/5,822,624 samples (iteration 253, line 24,109/28,176)
AffectNet loading: 3,550,000/5,822,624 samples (iteration 258, line 7,802/28,176)
AffectNet loading: 3,580,000/5,822,624 samples (iteration 260, line 13,793/28,176)
AffectNet loading: 3,580,000/5,822,624 samples (iteration 260, line 13,794/28,176)
AffectNet loading: 3,580,000/5,822,624 samples (iteration 260, line 13,795/28,176)
AffectNet loading: 3,690,000/5,822,624 samples (iteration 268, line 13,271/28,176)
AffectNet loading: 3,690,000/5,822,624 samples (iteration 268, line 13,272/28,176)
AffectNet loading: 3,500,000/5,822,624 samples (iteration 254, line 19,474/28,176)
AffectNet loading: 3,560,000/5,822,624 samples (iteration 258, line 26,986/28,176)
AffectNet loading: 3,590,000/5,822,624 samples (iteration 261, line 2,887/28,176)
AffectNet loading: 3,700,000/5,822,624 samples (iteration 269, line 2,448/28,176)
AffectNet loading: 3,510,000/5,822,624 samples (iteration 255, line 10,781/28,176)
AffectNet loading: 3,570,000/5,822,624 samples (iteration 259, line 21,215/28,176)
AffectNet loading: 3,600,000/5,822,624 samples (iteration 261, line 23,672/28,176)
AffectNet loading: 3,600,000/5,822,624 samples (iteration 261, line 23,673/28,176)
AffectNet loading: 3,710,000/5,822,624 samples (iteration 269, line 23,238/28,176)
AffectNet loading: 3,520,000/5,822,624 samples (iteration 256, line 1,869/28,176)
AffectNet loading: 3,580,000/5,822,624 samples (iteration 260, line 13,793/28,176)
AffectNet loading: 3,580,000/5,822,624 samples (iteration 260, line 13,794/28,176)
AffectNet loading: 3,580,000/5,822,624 samples (iteration 260, line 13,795/28,176)
AffectNet loading: 3,610,000/5,822,624 samples (iteration 262, line 18,942/28,176)
AffectNet loading: 3,720,000/5,822,624 samples (iteration 270, line 18,338/28,176)
AffectNet loading: 3,530,000/5,822,624 samples (iteration 256, line 22,673/28,176)
AffectNet loading: 3,590,000/5,822,624 samples (iteration 261, line 2,887/28,176)
AffectNet loading: 3,620,000/5,822,624 samples (iteration 263, line 10,355/28,176)
AffectNet loading: 3,730,000/5,822,624 samples (iteration 271, line 9,931/28,176)
AffectNet loading: 3,540,000/5,822,624 samples (iteration 257, line 15,556/28,176)
AffectNet loading: 3,600,000/5,822,624 samples (iteration 261, line 23,672/28,176)
AffectNet loading: 3,600,000/5,822,624 samples (iteration 261, line 23,673/28,176)
AffectNet loading: 3,630,000/5,822,624 samples (iteration 263, line 27,985/28,176)
AffectNet loading: 3,740,000/5,822,624 samples (iteration 271, line 27,556/28,176)
AffectNet loading: 3,550,000/5,822,624 samples (iteration 258, line 7,802/28,176)
AffectNet loading: 3,610,000/5,822,624 samples (iteration 262, line 18,942/28,176)
AffectNet loading: 3,640,000/5,822,624 samples (iteration 264, line 22,236/28,176)
AffectNet loading: 3,750,000/5,822,624 samples (iteration 272, line 21,800/28,176)
AffectNet loading: 3,560,000/5,822,624 samples (iteration 258, line 26,986/28,176)
AffectNet loading: 3,620,000/5,822,624 samples (iteration 263, line 10,355/28,176)
AffectNet loading: 3,650,000/5,822,624 samples (iteration 265, line 15,018/28,176)
AffectNet loading: 3,760,000/5,822,624 samples (iteration 273, line 14,501/28,176)
AffectNet loading: 3,760,000/5,822,624 samples (iteration 273, line 14,502/28,176)
AffectNet loading: 3,570,000/5,822,624 samples (iteration 259, line 21,215/28,176)
AffectNet loading: 3,630,000/5,822,624 samples (iteration 263, line 27,985/28,176)
AffectNet loading: 3,660,000/5,822,624 samples (iteration 266, line 7,373/28,176)
AffectNet loading: 3,770,000/5,822,624 samples (iteration 274, line 5,641/28,176)
AffectNet loading: 3,770,000/5,822,624 samples (iteration 274, line 5,642/28,176)
AffectNet loading: 3,580,000/5,822,624 samples (iteration 260, line 13,793/28,176)
AffectNet loading: 3,580,000/5,822,624 samples (iteration 260, line 13,794/28,176)
AffectNet loading: 3,580,000/5,822,624 samples (iteration 260, line 13,795/28,176)
AffectNet loading: 3,640,000/5,822,624 samples (iteration 264, line 22,236/28,176)
AffectNet loading: 3,670,000/5,822,624 samples (iteration 266, line 26,557/28,176)
AffectNet loading: 3,780,000/5,822,624 samples (iteration 274, line 26,127/28,176)
AffectNet loading: 3,590,000/5,822,624 samples (iteration 261, line 2,887/28,176)
AffectNet loading: 3,650,000/5,822,624 samples (iteration 265, line 15,018/28,176)
AffectNet loading: 3,680,000/5,822,624 samples (iteration 267, line 20,189/28,176)
AffectNet loading: 3,790,000/5,822,624 samples (iteration 275, line 19,647/28,176)
AffectNet loading: 3,600,000/5,822,624 samples (iteration 261, line 23,672/28,176)
AffectNet loading: 3,600,000/5,822,624 samples (iteration 261, line 23,673/28,176)
AffectNet loading: 3,660,000/5,822,624 samples (iteration 266, line 7,373/28,176)
AffectNet loading: 3,690,000/5,822,624 samples (iteration 268, line 13,271/28,176)
AffectNet loading: 3,690,000/5,822,624 samples (iteration 268, line 13,272/28,176)
AffectNet loading: 3,800,000/5,822,624 samples (iteration 276, line 10,919/28,176)
AffectNet loading: 3,610,000/5,822,624 samples (iteration 262, line 18,942/28,176)
AffectNet loading: 3,670,000/5,822,624 samples (iteration 266, line 26,557/28,176)
AffectNet loading: 3,700,000/5,822,624 samples (iteration 269, line 2,448/28,176)
AffectNet loading: 3,810,000/5,822,624 samples (iteration 277, line 2,011/28,176)
AffectNet loading: 3,620,000/5,822,624 samples (iteration 263, line 10,355/28,176)
AffectNet loading: 3,680,000/5,822,624 samples (iteration 267, line 20,189/28,176)
AffectNet loading: 3,710,000/5,822,624 samples (iteration 269, line 23,238/28,176)
AffectNet loading: 3,820,000/5,822,624 samples (iteration 277, line 22,812/28,176)
AffectNet loading: 3,630,000/5,822,624 samples (iteration 263, line 27,985/28,176)
AffectNet loading: 3,690,000/5,822,624 samples (iteration 268, line 13,271/28,176)
AffectNet loading: 3,690,000/5,822,624 samples (iteration 268, line 13,272/28,176)
AffectNet loading: 3,720,000/5,822,624 samples (iteration 270, line 18,338/28,176)
AffectNet loading: 3,830,000/5,822,624 samples (iteration 278, line 17,791/28,176)
AffectNet loading: 3,640,000/5,822,624 samples (iteration 264, line 22,236/28,176)
AffectNet loading: 3,700,000/5,822,624 samples (iteration 269, line 2,448/28,176)
AffectNet loading: 3,730,000/5,822,624 samples (iteration 271, line 9,931/28,176)
AffectNet loading: 3,840,000/5,822,624 samples (iteration 279, line 7,942/28,176)
AffectNet loading: 3,650,000/5,822,624 samples (iteration 265, line 15,018/28,176)
AffectNet loading: 3,710,000/5,822,624 samples (iteration 269, line 23,238/28,176)
AffectNet loading: 3,740,000/5,822,624 samples (iteration 271, line 27,556/28,176)
AffectNet loading: 3,850,000/5,822,624 samples (iteration 279, line 27,124/28,176)
AffectNet loading: 3,660,000/5,822,624 samples (iteration 266, line 7,373/28,176)
AffectNet loading: 3,720,000/5,822,624 samples (iteration 270, line 18,338/28,176)
AffectNet loading: 3,750,000/5,822,624 samples (iteration 272, line 21,800/28,176)
AffectNet loading: 3,860,000/5,822,624 samples (iteration 280, line 21,361/28,176)
AffectNet loading: 3,670,000/5,822,624 samples (iteration 266, line 26,557/28,176)
AffectNet loading: 3,730,000/5,822,624 samples (iteration 271, line 9,931/28,176)
AffectNet loading: 3,760,000/5,822,624 samples (iteration 273, line 14,501/28,176)
AffectNet loading: 3,760,000/5,822,624 samples (iteration 273, line 14,502/28,176)
AffectNet loading: 3,870,000/5,822,624 samples (iteration 281, line 13,966/28,176)
AffectNet loading: 3,680,000/5,822,624 samples (iteration 267, line 20,189/28,176)
AffectNet loading: 3,740,000/5,822,624 samples (iteration 271, line 27,556/28,176)
AffectNet loading: 3,770,000/5,822,624 samples (iteration 274, line 5,641/28,176)
AffectNet loading: 3,770,000/5,822,624 samples (iteration 274, line 5,642/28,176)
AffectNet loading: 3,880,000/5,822,624 samples (iteration 282, line 3,029/28,176)
AffectNet loading: 3,690,000/5,822,624 samples (iteration 268, line 13,271/28,176)
AffectNet loading: 3,690,000/5,822,624 samples (iteration 268, line 13,272/28,176)
AffectNet loading: 3,750,000/5,822,624 samples (iteration 272, line 21,800/28,176)
AffectNet loading: 3,780,000/5,822,624 samples (iteration 274, line 26,127/28,176)
AffectNet loading: 3,890,000/5,822,624 samples (iteration 282, line 23,812/28,176)
AffectNet loading: 3,700,000/5,822,624 samples (iteration 269, line 2,448/28,176)
AffectNet loading: 3,760,000/5,822,624 samples (iteration 273, line 14,501/28,176)
AffectNet loading: 3,760,000/5,822,624 samples (iteration 273, line 14,502/28,176)
AffectNet loading: 3,790,000/5,822,624 samples (iteration 275, line 19,647/28,176)
AffectNet loading: 3,900,000/5,822,624 samples (iteration 283, line 19,119/28,176)
AffectNet loading: 3,710,000/5,822,624 samples (iteration 269, line 23,238/28,176)
AffectNet loading: 3,770,000/5,822,624 samples (iteration 274, line 5,641/28,176)
AffectNet loading: 3,770,000/5,822,624 samples (iteration 274, line 5,642/28,176)
AffectNet loading: 3,800,000/5,822,624 samples (iteration 276, line 10,919/28,176)
AffectNet loading: 3,910,000/5,822,624 samples (iteration 284, line 10,494/28,176)
AffectNet loading: 3,720,000/5,822,624 samples (iteration 270, line 18,338/28,176)
AffectNet loading: 3,780,000/5,822,624 samples (iteration 274, line 26,127/28,176)
AffectNet loading: 3,810,000/5,822,624 samples (iteration 277, line 2,011/28,176)
AffectNet loading: 3,920,000/5,822,624 samples (iteration 284, line 28,123/28,176)
AffectNet loading: 3,730,000/5,822,624 samples (iteration 271, line 9,931/28,176)
AffectNet loading: 3,820,000/5,822,624 samples (iteration 277, line 22,812/28,176)
AffectNet loading: 3,790,000/5,822,624 samples (iteration 275, line 19,647/28,176)
AffectNet loading: 3,930,000/5,822,624 samples (iteration 285, line 22,375/28,176)
AffectNet loading: 3,740,000/5,822,624 samples (iteration 271, line 27,556/28,176)
AffectNet loading: 3,800,000/5,822,624 samples (iteration 276, line 10,919/28,176)
AffectNet loading: 3,830,000/5,822,624 samples (iteration 278, line 17,791/28,176)
AffectNet loading: 3,940,000/5,822,624 samples (iteration 286, line 15,184/28,176)
AffectNet loading: 3,750,000/5,822,624 samples (iteration 272, line 21,800/28,176)
AffectNet loading: 3,840,000/5,822,624 samples (iteration 279, line 7,942/28,176)
AffectNet loading: 3,810,000/5,822,624 samples (iteration 277, line 2,011/28,176)
AffectNet loading: 3,950,000/5,822,624 samples (iteration 287, line 7,511/28,176)
AffectNet loading: 3,760,000/5,822,624 samples (iteration 273, line 14,501/28,176)
AffectNet loading: 3,760,000/5,822,624 samples (iteration 273, line 14,502/28,176)
AffectNet loading: 3,850,000/5,822,624 samples (iteration 279, line 27,124/28,176)
AffectNet loading: 3,820,000/5,822,624 samples (iteration 277, line 22,812/28,176)
AffectNet loading: 3,960,000/5,822,624 samples (iteration 287, line 26,695/28,176)
AffectNet loading: 3,770,000/5,822,624 samples (iteration 274, line 5,641/28,176)
AffectNet loading: 3,770,000/5,822,624 samples (iteration 274, line 5,642/28,176)
AffectNet loading: 3,860,000/5,822,624 samples (iteration 280, line 21,361/28,176)
AffectNet loading: 3,830,000/5,822,624 samples (iteration 278, line 17,791/28,176)
AffectNet loading: 3,970,000/5,822,624 samples (iteration 288, line 20,367/28,176)
AffectNet loading: 3,780,000/5,822,624 samples (iteration 274, line 26,127/28,176)
AffectNet loading: 3,840,000/5,822,624 samples (iteration 279, line 7,942/28,176)
AffectNet loading: 3,870,000/5,822,624 samples (iteration 281, line 13,966/28,176)
AffectNet loading: 3,980,000/5,822,624 samples (iteration 289, line 13,444/28,176)
AffectNet loading: 3,790,000/5,822,624 samples (iteration 275, line 19,647/28,176)
AffectNet loading: 3,880,000/5,822,624 samples (iteration 282, line 3,029/28,176)
AffectNet loading: 3,850,000/5,822,624 samples (iteration 279, line 27,124/28,176)
AffectNet loading: 3,990,000/5,822,624 samples (iteration 290, line 2,590/28,176)
AffectNet loading: 3,800,000/5,822,624 samples (iteration 276, line 10,919/28,176)
AffectNet loading: 3,890,000/5,822,624 samples (iteration 282, line 23,812/28,176)
AffectNet loading: 3,860,000/5,822,624 samples (iteration 280, line 21,361/28,176)
AffectNet loading: 4,000,000/5,822,624 samples (iteration 290, line 23,376/28,176)
AffectNet loading: 3,810,000/5,822,624 samples (iteration 277, line 2,011/28,176)
AffectNet loading: 3,900,000/5,822,624 samples (iteration 283, line 19,119/28,176)
AffectNet loading: 3,870,000/5,822,624 samples (iteration 281, line 13,966/28,176)
AffectNet loading: 4,010,000/5,822,624 samples (iteration 291, line 18,586/28,176)
AffectNet loading: 3,820,000/5,822,624 samples (iteration 277, line 22,812/28,176)
AffectNet loading: 3,880,000/5,822,624 samples (iteration 282, line 3,029/28,176)
AffectNet loading: 3,910,000/5,822,624 samples (iteration 284, line 10,494/28,176)
AffectNet loading: 4,020,000/5,822,624 samples (iteration 292, line 10,068/28,176)
AffectNet loading: 3,920,000/5,822,624 samples (iteration 284, line 28,123/28,176)
AffectNet loading: 3,890,000/5,822,624 samples (iteration 282, line 23,812/28,176)
AffectNet loading: 3,830,000/5,822,624 samples (iteration 278, line 17,791/28,176)
AffectNet loading: 4,030,000/5,822,624 samples (iteration 292, line 27,695/28,176)
AffectNet loading: 3,840,000/5,822,624 samples (iteration 279, line 7,942/28,176)
AffectNet loading: 3,930,000/5,822,624 samples (iteration 285, line 22,375/28,176)
AffectNet loading: 3,900,000/5,822,624 samples (iteration 283, line 19,119/28,176)
AffectNet loading: 4,040,000/5,822,624 samples (iteration 293, line 21,942/28,176)
AffectNet loading: 3,850,000/5,822,624 samples (iteration 279, line 27,124/28,176)
AffectNet loading: 3,940,000/5,822,624 samples (iteration 286, line 15,184/28,176)
AffectNet loading: 3,910,000/5,822,624 samples (iteration 284, line 10,494/28,176)
AffectNet loading: 4,050,000/5,822,624 samples (iteration 294, line 14,671/28,176)
AffectNet loading: 4,050,000/5,822,624 samples (iteration 294, line 14,672/28,176)
AffectNet loading: 3,950,000/5,822,624 samples (iteration 287, line 7,511/28,176)
AffectNet loading: 3,920,000/5,822,624 samples (iteration 284, line 28,123/28,176)
AffectNet loading: 3,860,000/5,822,624 samples (iteration 280, line 21,361/28,176)
AffectNet loading: 4,060,000/5,822,624 samples (iteration 295, line 7,081/28,176)
AffectNet loading: 3,960,000/5,822,624 samples (iteration 287, line 26,695/28,176)
AffectNet loading: 3,870,000/5,822,624 samples (iteration 281, line 13,966/28,176)
AffectNet loading: 3,930,000/5,822,624 samples (iteration 285, line 22,375/28,176)
AffectNet loading: 4,070,000/5,822,624 samples (iteration 295, line 26,264/28,176)
AffectNet loading: 3,880,000/5,822,624 samples (iteration 282, line 3,029/28,176)
AffectNet loading: 3,970,000/5,822,624 samples (iteration 288, line 20,367/28,176)
AffectNet loading: 3,940,000/5,822,624 samples (iteration 286, line 15,184/28,176)
AffectNet loading: 4,080,000/5,822,624 samples (iteration 296, line 19,820/28,176)
AffectNet loading: 3,890,000/5,822,624 samples (iteration 282, line 23,812/28,176)
AffectNet loading: 3,980,000/5,822,624 samples (iteration 289, line 13,444/28,176)
AffectNet loading: 3,950,000/5,822,624 samples (iteration 287, line 7,511/28,176)
AffectNet loading: 4,090,000/5,822,624 samples (iteration 297, line 11,058/28,176)
AffectNet loading: 3,990,000/5,822,624 samples (iteration 290, line 2,590/28,176)
AffectNet loading: 3,960,000/5,822,624 samples (iteration 287, line 26,695/28,176)
AffectNet loading: 3,900,000/5,822,624 samples (iteration 283, line 19,119/28,176)
AffectNet loading: 4,100,000/5,822,624 samples (iteration 298, line 2,155/28,176)
AffectNet loading: 4,000,000/5,822,624 samples (iteration 290, line 23,376/28,176)
AffectNet loading: 3,910,000/5,822,624 samples (iteration 284, line 10,494/28,176)
AffectNet loading: 3,970,000/5,822,624 samples (iteration 288, line 20,367/28,176)
AffectNet loading: 4,110,000/5,822,624 samples (iteration 298, line 22,950/28,176)
AffectNet loading: 4,010,000/5,822,624 samples (iteration 291, line 18,586/28,176)
AffectNet loading: 3,920,000/5,822,624 samples (iteration 284, line 28,123/28,176)
AffectNet loading: 3,980,000/5,822,624 samples (iteration 289, line 13,444/28,176)
AffectNet loading: 4,120,000/5,822,624 samples (iteration 299, line 17,974/28,176)
AffectNet loading: 4,020,000/5,822,624 samples (iteration 292, line 10,068/28,176)
AffectNet loading: 3,990,000/5,822,624 samples (iteration 290, line 2,590/28,176)
AffectNet loading: 3,930,000/5,822,624 samples (iteration 285, line 22,375/28,176)
AffectNet loading: 4,130,000/5,822,624 samples (iteration 300, line 8,081/28,176)
AffectNet loading: 4,030,000/5,822,624 samples (iteration 292, line 27,695/28,176)
AffectNet loading: 4,000,000/5,822,624 samples (iteration 290, line 23,376/28,176)
AffectNet loading: 3,940,000/5,822,624 samples (iteration 286, line 15,184/28,176)
AffectNet loading: 4,140,000/5,822,624 samples (iteration 300, line 27,262/28,176)
AffectNet loading: 4,040,000/5,822,624 samples (iteration 293, line 21,942/28,176)
AffectNet loading: 4,010,000/5,822,624 samples (iteration 291, line 18,586/28,176)
AffectNet loading: 3,950,000/5,822,624 samples (iteration 287, line 7,511/28,176)
AffectNet loading: 4,150,000/5,822,624 samples (iteration 301, line 21,504/28,176)
AffectNet loading: 4,050,000/5,822,624 samples (iteration 294, line 14,671/28,176)
AffectNet loading: 4,050,000/5,822,624 samples (iteration 294, line 14,672/28,176)
AffectNet loading: 4,020,000/5,822,624 samples (iteration 292, line 10,068/28,176)
AffectNet loading: 3,960,000/5,822,624 samples (iteration 287, line 26,695/28,176)
AffectNet loading: 4,160,000/5,822,624 samples (iteration 302, line 14,140/28,176)
AffectNet loading: 4,060,000/5,822,624 samples (iteration 295, line 7,081/28,176)
AffectNet loading: 4,030,000/5,822,624 samples (iteration 292, line 27,695/28,176)
AffectNet loading: 3,970,000/5,822,624 samples (iteration 288, line 20,367/28,176)
AffectNet loading: 4,170,000/5,822,624 samples (iteration 303, line 4,697/28,176)
AffectNet loading: 4,170,000/5,822,624 samples (iteration 303, line 4,698/28,176)
AffectNet loading: 4,070,000/5,822,624 samples (iteration 295, line 26,264/28,176)
AffectNet loading: 4,040,000/5,822,624 samples (iteration 293, line 21,942/28,176)
AffectNet loading: 3,980,000/5,822,624 samples (iteration 289, line 13,444/28,176)
AffectNet loading: 4,180,000/5,822,624 samples (iteration 303, line 23,954/28,176)
AffectNet loading: 4,080,000/5,822,624 samples (iteration 296, line 19,820/28,176)
AffectNet loading: 4,050,000/5,822,624 samples (iteration 294, line 14,671/28,176)
AffectNet loading: 4,050,000/5,822,624 samples (iteration 294, line 14,672/28,176)
AffectNet loading: 3,990,000/5,822,624 samples (iteration 290, line 2,590/28,176)
AffectNet loading: 4,190,000/5,822,624 samples (iteration 304, line 19,290/28,176)
AffectNet loading: 4,090,000/5,822,624 samples (iteration 297, line 11,058/28,176)
AffectNet loading: 4,060,000/5,822,624 samples (iteration 295, line 7,081/28,176)
AffectNet loading: 4,000,000/5,822,624 samples (iteration 290, line 23,376/28,176)
AffectNet loading: 4,200,000/5,822,624 samples (iteration 305, line 10,631/28,176)
AffectNet loading: 4,100,000/5,822,624 samples (iteration 298, line 2,155/28,176)
AffectNet loading: 4,070,000/5,822,624 samples (iteration 295, line 26,264/28,176)
AffectNet loading: 4,010,000/5,822,624 samples (iteration 291, line 18,586/28,176)
AffectNet loading: 4,210,000/5,822,624 samples (iteration 306, line 1,717/28,176)
AffectNet loading: 4,110,000/5,822,624 samples (iteration 298, line 22,950/28,176)
AffectNet loading: 4,080,000/5,822,624 samples (iteration 296, line 19,820/28,176)
AffectNet loading: 4,020,000/5,822,624 samples (iteration 292, line 10,068/28,176)
AffectNet loading: 4,220,000/5,822,624 samples (iteration 306, line 22,520/28,176)
AffectNet loading: 4,120,000/5,822,624 samples (iteration 299, line 17,974/28,176)
AffectNet loading: 4,090,000/5,822,624 samples (iteration 297, line 11,058/28,176)
AffectNet loading: 4,030,000/5,822,624 samples (iteration 292, line 27,695/28,176)
AffectNet loading: 4,230,000/5,822,624 samples (iteration 307, line 15,368/28,176)
AffectNet loading: 4,130,000/5,822,624 samples (iteration 300, line 8,081/28,176)
AffectNet loading: 4,100,000/5,822,624 samples (iteration 298, line 2,155/28,176)
AffectNet loading: 4,040,000/5,822,624 samples (iteration 293, line 21,942/28,176)
AffectNet loading: 4,240,000/5,822,624 samples (iteration 308, line 7,651/28,176)
AffectNet loading: 4,140,000/5,822,624 samples (iteration 300, line 27,262/28,176)
AffectNet loading: 4,110,000/5,822,624 samples (iteration 298, line 22,950/28,176)
AffectNet loading: 4,050,000/5,822,624 samples (iteration 294, line 14,671/28,176)
AffectNet loading: 4,050,000/5,822,624 samples (iteration 294, line 14,672/28,176)
AffectNet loading: 4,250,000/5,822,624 samples (iteration 308, line 26,836/28,176)
AffectNet loading: 4,150,000/5,822,624 samples (iteration 301, line 21,504/28,176)
AffectNet loading: 4,120,000/5,822,624 samples (iteration 299, line 17,974/28,176)
AffectNet loading: 4,060,000/5,822,624 samples (iteration 295, line 7,081/28,176)
AffectNet loading: 4,260,000/5,822,624 samples (iteration 309, line 20,551/28,176)
AffectNet loading: 4,160,000/5,822,624 samples (iteration 302, line 14,140/28,176)
AffectNet loading: 4,130,000/5,822,624 samples (iteration 300, line 8,081/28,176)
AffectNet loading: 4,070,000/5,822,624 samples (iteration 295, line 26,264/28,176)
AffectNet loading: 4,270,000/5,822,624 samples (iteration 310, line 13,609/28,176)
AffectNet loading: 4,170,000/5,822,624 samples (iteration 303, line 4,697/28,176)
AffectNet loading: 4,170,000/5,822,624 samples (iteration 303, line 4,698/28,176)
AffectNet loading: 4,140,000/5,822,624 samples (iteration 300, line 27,262/28,176)
AffectNet loading: 4,080,000/5,822,624 samples (iteration 296, line 19,820/28,176)
AffectNet loading: 4,280,000/5,822,624 samples (iteration 311, line 2,731/28,176)
AffectNet loading: 4,280,000/5,822,624 samples (iteration 311, line 2,732/28,176)
AffectNet loading: 4,180,000/5,822,624 samples (iteration 303, line 23,954/28,176)
AffectNet loading: 4,150,000/5,822,624 samples (iteration 301, line 21,504/28,176)
AffectNet loading: 4,090,000/5,822,624 samples (iteration 297, line 11,058/28,176)
AffectNet loading: 4,290,000/5,822,624 samples (iteration 311, line 23,517/28,176)
AffectNet loading: 4,190,000/5,822,624 samples (iteration 304, line 19,290/28,176)
AffectNet loading: 4,160,000/5,822,624 samples (iteration 302, line 14,140/28,176)
AffectNet loading: 4,100,000/5,822,624 samples (iteration 298, line 2,155/28,176)
AffectNet loading: 4,300,000/5,822,624 samples (iteration 312, line 18,758/28,176)
AffectNet loading: 4,200,000/5,822,624 samples (iteration 305, line 10,631/28,176)
AffectNet loading: 4,170,000/5,822,624 samples (iteration 303, line 4,697/28,176)
AffectNet loading: 4,170,000/5,822,624 samples (iteration 303, line 4,698/28,176)
AffectNet loading: 4,110,000/5,822,624 samples (iteration 298, line 22,950/28,176)
AffectNet loading: 4,310,000/5,822,624 samples (iteration 313, line 10,205/28,176)
AffectNet loading: 4,210,000/5,822,624 samples (iteration 306, line 1,717/28,176)
AffectNet loading: 4,180,000/5,822,624 samples (iteration 303, line 23,954/28,176)
AffectNet loading: 4,120,000/5,822,624 samples (iteration 299, line 17,974/28,176)
AffectNet loading: 4,320,000/5,822,624 samples (iteration 313, line 27,833/28,176)
AffectNet loading: 4,220,000/5,822,624 samples (iteration 306, line 22,520/28,176)
AffectNet loading: 4,190,000/5,822,624 samples (iteration 304, line 19,290/28,176)
AffectNet loading: 4,130,000/5,822,624 samples (iteration 300, line 8,081/28,176)
AffectNet loading: 4,330,000/5,822,624 samples (iteration 314, line 22,082/28,176)
AffectNet loading: 4,230,000/5,822,624 samples (iteration 307, line 15,368/28,176)
AffectNet loading: 4,200,000/5,822,624 samples (iteration 305, line 10,631/28,176)
AffectNet loading: 4,140,000/5,822,624 samples (iteration 300, line 27,262/28,176)
AffectNet loading: 4,340,000/5,822,624 samples (iteration 315, line 14,835/28,176)
AffectNet loading: 4,240,000/5,822,624 samples (iteration 308, line 7,651/28,176)
AffectNet loading: 4,210,000/5,822,624 samples (iteration 306, line 1,717/28,176)
AffectNet loading: 4,150,000/5,822,624 samples (iteration 301, line 21,504/28,176)
AffectNet loading: 4,350,000/5,822,624 samples (iteration 316, line 7,219/28,176)
AffectNet loading: 4,250,000/5,822,624 samples (iteration 308, line 26,836/28,176)
AffectNet loading: 4,220,000/5,822,624 samples (iteration 306, line 22,520/28,176)
AffectNet loading: 4,160,000/5,822,624 samples (iteration 302, line 14,140/28,176)
AffectNet loading: 4,360,000/5,822,624 samples (iteration 316, line 26,405/28,176)
AffectNet loading: 4,260,000/5,822,624 samples (iteration 309, line 20,551/28,176)
AffectNet loading: 4,230,000/5,822,624 samples (iteration 307, line 15,368/28,176)
AffectNet loading: 4,170,000/5,822,624 samples (iteration 303, line 4,697/28,176)
AffectNet loading: 4,170,000/5,822,624 samples (iteration 303, line 4,698/28,176)
AffectNet loading: 4,370,000/5,822,624 samples (iteration 317, line 19,996/28,176)
AffectNet loading: 4,370,000/5,822,624 samples (iteration 317, line 19,997/28,176)
AffectNet loading: 4,270,000/5,822,624 samples (iteration 310, line 13,609/28,176)
AffectNet loading: 4,240,000/5,822,624 samples (iteration 308, line 7,651/28,176)
AffectNet loading: 4,180,000/5,822,624 samples (iteration 303, line 23,954/28,176)
AffectNet loading: 4,380,000/5,822,624 samples (iteration 318, line 13,097/28,176)
AffectNet loading: 4,280,000/5,822,624 samples (iteration 311, line 2,731/28,176)
AffectNet loading: 4,280,000/5,822,624 samples (iteration 311, line 2,732/28,176)
AffectNet loading: 4,250,000/5,822,624 samples (iteration 308, line 26,836/28,176)
AffectNet loading: 4,390,000/5,822,624 samples (iteration 319, line 2,293/28,176)
AffectNet loading: 4,190,000/5,822,624 samples (iteration 304, line 19,290/28,176)
AffectNet loading: 4,290,000/5,822,624 samples (iteration 311, line 23,517/28,176)
AffectNet loading: 4,260,000/5,822,624 samples (iteration 309, line 20,551/28,176)
AffectNet loading: 4,400,000/5,822,624 samples (iteration 319, line 23,088/28,176)
AffectNet loading: 4,200,000/5,822,624 samples (iteration 305, line 10,631/28,176)
AffectNet loading: 4,300,000/5,822,624 samples (iteration 312, line 18,758/28,176)
AffectNet loading: 4,270,000/5,822,624 samples (iteration 310, line 13,609/28,176)
AffectNet loading: 4,210,000/5,822,624 samples (iteration 306, line 1,717/28,176)
AffectNet loading: 4,410,000/5,822,624 samples (iteration 320, line 18,145/28,176)
AffectNet loading: 4,410,000/5,822,624 samples (iteration 320, line 18,146/28,176)
AffectNet loading: 4,310,000/5,822,624 samples (iteration 313, line 10,205/28,176)
AffectNet loading: 4,280,000/5,822,624 samples (iteration 311, line 2,731/28,176)
AffectNet loading: 4,280,000/5,822,624 samples (iteration 311, line 2,732/28,176)
AffectNet loading: 4,220,000/5,822,624 samples (iteration 306, line 22,520/28,176)
AffectNet loading: 4,420,000/5,822,624 samples (iteration 321, line 9,780/28,176)
AffectNet loading: 4,320,000/5,822,624 samples (iteration 313, line 27,833/28,176)
AffectNet loading: 4,290,000/5,822,624 samples (iteration 311, line 23,517/28,176)
AffectNet loading: 4,430,000/5,822,624 samples (iteration 321, line 27,400/28,176)
AffectNet loading: 4,230,000/5,822,624 samples (iteration 307, line 15,368/28,176)
AffectNet loading: 4,330,000/5,822,624 samples (iteration 314, line 22,082/28,176)
AffectNet loading: 4,300,000/5,822,624 samples (iteration 312, line 18,758/28,176)
AffectNet loading: 4,440,000/5,822,624 samples (iteration 322, line 21,643/28,176)
AffectNet loading: 4,240,000/5,822,624 samples (iteration 308, line 7,651/28,176)
AffectNet loading: 4,340,000/5,822,624 samples (iteration 315, line 14,835/28,176)
AffectNet loading: 4,310,000/5,822,624 samples (iteration 313, line 10,205/28,176)
AffectNet loading: 4,450,000/5,822,624 samples (iteration 323, line 14,314/28,176)
AffectNet loading: 4,250,000/5,822,624 samples (iteration 308, line 26,836/28,176)
AffectNet loading: 4,350,000/5,822,624 samples (iteration 316, line 7,219/28,176)
AffectNet loading: 4,320,000/5,822,624 samples (iteration 313, line 27,833/28,176)
AffectNet loading: 4,460,000/5,822,624 samples (iteration 324, line 5,136/28,176)
AffectNet loading: 4,460,000/5,822,624 samples (iteration 324, line 5,137/28,176)
AffectNet loading: 4,460,000/5,822,624 samples (iteration 324, line 5,138/28,176)
AffectNet loading: 4,460,000/5,822,624 samples (iteration 324, line 5,139/28,176)
AffectNet loading: 4,460,000/5,822,624 samples (iteration 324, line 5,140/28,176)
AffectNet loading: 4,460,000/5,822,624 samples (iteration 324, line 5,141/28,176)
AffectNet loading: 4,460,000/5,822,624 samples (iteration 324, line 5,142/28,176)
AffectNet loading: 4,260,000/5,822,624 samples (iteration 309, line 20,551/28,176)
AffectNet loading: 4,360,000/5,822,624 samples (iteration 316, line 26,405/28,176)
AffectNet loading: 4,330,000/5,822,624 samples (iteration 314, line 22,082/28,176)
AffectNet loading: 4,470,000/5,822,624 samples (iteration 324, line 24,095/28,176)
AffectNet loading: 4,270,000/5,822,624 samples (iteration 310, line 13,609/28,176)
AffectNet loading: 4,370,000/5,822,624 samples (iteration 317, line 19,996/28,176)
AffectNet loading: 4,370,000/5,822,624 samples (iteration 317, line 19,997/28,176)
AffectNet loading: 4,340,000/5,822,624 samples (iteration 315, line 14,835/28,176)
AffectNet loading: 4,480,000/5,822,624 samples (iteration 325, line 19,457/28,176)
AffectNet loading: 4,280,000/5,822,624 samples (iteration 311, line 2,731/28,176)
AffectNet loading: 4,280,000/5,822,624 samples (iteration 311, line 2,732/28,176)
AffectNet loading: 4,380,000/5,822,624 samples (iteration 318, line 13,097/28,176)
AffectNet loading: 4,350,000/5,822,624 samples (iteration 316, line 7,219/28,176)
AffectNet loading: 4,490,000/5,822,624 samples (iteration 326, line 10,768/28,176)
AffectNet loading: 4,290,000/5,822,624 samples (iteration 311, line 23,517/28,176)
AffectNet loading: 4,390,000/5,822,624 samples (iteration 319, line 2,293/28,176)
AffectNet loading: 4,360,000/5,822,624 samples (iteration 316, line 26,405/28,176)
AffectNet loading: 4,500,000/5,822,624 samples (iteration 327, line 1,856/28,176)
AffectNet loading: 4,400,000/5,822,624 samples (iteration 319, line 23,088/28,176)
AffectNet loading: 4,300,000/5,822,624 samples (iteration 312, line 18,758/28,176)
AffectNet loading: 4,370,000/5,822,624 samples (iteration 317, line 19,996/28,176)
AffectNet loading: 4,370,000/5,822,624 samples (iteration 317, line 19,997/28,176)
AffectNet loading: 4,510,000/5,822,624 samples (iteration 327, line 22,660/28,176)
AffectNet loading: 4,310,000/5,822,624 samples (iteration 313, line 10,205/28,176)
AffectNet loading: 4,410,000/5,822,624 samples (iteration 320, line 18,145/28,176)
AffectNet loading: 4,410,000/5,822,624 samples (iteration 320, line 18,146/28,176)
AffectNet loading: 4,380,000/5,822,624 samples (iteration 318, line 13,097/28,176)
AffectNet loading: 4,520,000/5,822,624 samples (iteration 328, line 15,540/28,176)
AffectNet loading: 4,320,000/5,822,624 samples (iteration 313, line 27,833/28,176)
AffectNet loading: 4,420,000/5,822,624 samples (iteration 321, line 9,780/28,176)
AffectNet loading: 4,390,000/5,822,624 samples (iteration 319, line 2,293/28,176)
AffectNet loading: 4,530,000/5,822,624 samples (iteration 329, line 7,789/28,176)
AffectNet loading: 4,430,000/5,822,624 samples (iteration 321, line 27,400/28,176)
AffectNet loading: 4,330,000/5,822,624 samples (iteration 314, line 22,082/28,176)
AffectNet loading: 4,400,000/5,822,624 samples (iteration 319, line 23,088/28,176)
AffectNet loading: 4,540,000/5,822,624 samples (iteration 329, line 26,973/28,176)
AffectNet loading: 4,440,000/5,822,624 samples (iteration 322, line 21,643/28,176)
AffectNet loading: 4,340,000/5,822,624 samples (iteration 315, line 14,835/28,176)
AffectNet loading: 4,410,000/5,822,624 samples (iteration 320, line 18,145/28,176)
AffectNet loading: 4,410,000/5,822,624 samples (iteration 320, line 18,146/28,176)
AffectNet loading: 4,550,000/5,822,624 samples (iteration 330, line 21,202/28,176)
AffectNet loading: 4,450,000/5,822,624 samples (iteration 323, line 14,314/28,176)
AffectNet loading: 4,350,000/5,822,624 samples (iteration 316, line 7,219/28,176)
AffectNet loading: 4,420,000/5,822,624 samples (iteration 321, line 9,780/28,176)
AffectNet loading: 4,560,000/5,822,624 samples (iteration 331, line 13,775/28,176)
AffectNet loading: 4,460,000/5,822,624 samples (iteration 324, line 5,136/28,176)
AffectNet loading: 4,460,000/5,822,624 samples (iteration 324, line 5,137/28,176)
AffectNet loading: 4,460,000/5,822,624 samples (iteration 324, line 5,138/28,176)
AffectNet loading: 4,460,000/5,822,624 samples (iteration 324, line 5,139/28,176)
AffectNet loading: 4,460,000/5,822,624 samples (iteration 324, line 5,140/28,176)
AffectNet loading: 4,460,000/5,822,624 samples (iteration 324, line 5,141/28,176)
AffectNet loading: 4,460,000/5,822,624 samples (iteration 324, line 5,142/28,176)
AffectNet loading: 4,360,000/5,822,624 samples (iteration 316, line 26,405/28,176)
AffectNet loading: 4,430,000/5,822,624 samples (iteration 321, line 27,400/28,176)
AffectNet loading: 4,570,000/5,822,624 samples (iteration 332, line 2,874/28,176)
AffectNet loading: 4,470,000/5,822,624 samples (iteration 324, line 24,095/28,176)
AffectNet loading: 4,370,000/5,822,624 samples (iteration 317, line 19,996/28,176)
AffectNet loading: 4,370,000/5,822,624 samples (iteration 317, line 19,997/28,176)
AffectNet loading: 4,440,000/5,822,624 samples (iteration 322, line 21,643/28,176)
AffectNet loading: 4,580,000/5,822,624 samples (iteration 332, line 23,659/28,176)
AffectNet loading: 4,480,000/5,822,624 samples (iteration 325, line 19,457/28,176)
AffectNet loading: 4,380,000/5,822,624 samples (iteration 318, line 13,097/28,176)
AffectNet loading: 4,450,000/5,822,624 samples (iteration 323, line 14,314/28,176)
AffectNet loading: 4,590,000/5,822,624 samples (iteration 333, line 18,928/28,176)
AffectNet loading: 4,490,000/5,822,624 samples (iteration 326, line 10,768/28,176)
AffectNet loading: 4,390,000/5,822,624 samples (iteration 319, line 2,293/28,176)
AffectNet loading: 4,460,000/5,822,624 samples (iteration 324, line 5,136/28,176)
AffectNet loading: 4,460,000/5,822,624 samples (iteration 324, line 5,137/28,176)
AffectNet loading: 4,460,000/5,822,624 samples (iteration 324, line 5,138/28,176)
AffectNet loading: 4,460,000/5,822,624 samples (iteration 324, line 5,139/28,176)
AffectNet loading: 4,460,000/5,822,624 samples (iteration 324, line 5,140/28,176)
AffectNet loading: 4,460,000/5,822,624 samples (iteration 324, line 5,141/28,176)
AffectNet loading: 4,460,000/5,822,624 samples (iteration 324, line 5,142/28,176)
AffectNet loading: 4,600,000/5,822,624 samples (iteration 334, line 10,342/28,176)
AffectNet loading: 4,500,000/5,822,624 samples (iteration 327, line 1,856/28,176)
AffectNet loading: 4,400,000/5,822,624 samples (iteration 319, line 23,088/28,176)
AffectNet loading: 4,470,000/5,822,624 samples (iteration 324, line 24,095/28,176)
AffectNet loading: 4,610,000/5,822,624 samples (iteration 334, line 27,972/28,176)
AffectNet loading: 4,510,000/5,822,624 samples (iteration 327, line 22,660/28,176)
AffectNet loading: 4,410,000/5,822,624 samples (iteration 320, line 18,145/28,176)
AffectNet loading: 4,410,000/5,822,624 samples (iteration 320, line 18,146/28,176)
AffectNet loading: 4,480,000/5,822,624 samples (iteration 325, line 19,457/28,176)
AffectNet loading: 4,620,000/5,822,624 samples (iteration 335, line 22,223/28,176)
AffectNet loading: 4,520,000/5,822,624 samples (iteration 328, line 15,540/28,176)
AffectNet loading: 4,420,000/5,822,624 samples (iteration 321, line 9,780/28,176)
AffectNet loading: 4,490,000/5,822,624 samples (iteration 326, line 10,768/28,176)
AffectNet loading: 4,630,000/5,822,624 samples (iteration 336, line 15,002/28,176)
AffectNet loading: 4,530,000/5,822,624 samples (iteration 329, line 7,789/28,176)
AffectNet loading: 4,430,000/5,822,624 samples (iteration 321, line 27,400/28,176)
AffectNet loading: 4,500,000/5,822,624 samples (iteration 327, line 1,856/28,176)
AffectNet loading: 4,640,000/5,822,624 samples (iteration 337, line 7,360/28,176)
AffectNet loading: 4,540,000/5,822,624 samples (iteration 329, line 26,973/28,176)
AffectNet loading: 4,440,000/5,822,624 samples (iteration 322, line 21,643/28,176)
AffectNet loading: 4,510,000/5,822,624 samples (iteration 327, line 22,660/28,176)
AffectNet loading: 4,650,000/5,822,624 samples (iteration 337, line 26,544/28,176)
AffectNet loading: 4,550,000/5,822,624 samples (iteration 330, line 21,202/28,176)
AffectNet loading: 4,450,000/5,822,624 samples (iteration 323, line 14,314/28,176)
AffectNet loading: 4,520,000/5,822,624 samples (iteration 328, line 15,540/28,176)
AffectNet loading: 4,660,000/5,822,624 samples (iteration 338, line 20,174/28,176)
AffectNet loading: 4,460,000/5,822,624 samples (iteration 324, line 5,136/28,176)
AffectNet loading: 4,460,000/5,822,624 samples (iteration 324, line 5,137/28,176)
AffectNet loading: 4,460,000/5,822,624 samples (iteration 324, line 5,138/28,176)
AffectNet loading: 4,460,000/5,822,624 samples (iteration 324, line 5,139/28,176)
AffectNet loading: 4,460,000/5,822,624 samples (iteration 324, line 5,140/28,176)
AffectNet loading: 4,460,000/5,822,624 samples (iteration 324, line 5,141/28,176)
AffectNet loading: 4,460,000/5,822,624 samples (iteration 324, line 5,142/28,176)
AffectNet loading: 4,560,000/5,822,624 samples (iteration 331, line 13,775/28,176)
AffectNet loading: 4,530,000/5,822,624 samples (iteration 329, line 7,789/28,176)
AffectNet loading: 4,670,000/5,822,624 samples (iteration 339, line 13,256/28,176)
AffectNet loading: 4,570,000/5,822,624 samples (iteration 332, line 2,874/28,176)
AffectNet loading: 4,470,000/5,822,624 samples (iteration 324, line 24,095/28,176)
AffectNet loading: 4,540,000/5,822,624 samples (iteration 329, line 26,973/28,176)
AffectNet loading: 4,680,000/5,822,624 samples (iteration 340, line 2,435/28,176)
AffectNet loading: 4,580,000/5,822,624 samples (iteration 332, line 23,659/28,176)
AffectNet loading: 4,480,000/5,822,624 samples (iteration 325, line 19,457/28,176)
AffectNet loading: 4,550,000/5,822,624 samples (iteration 330, line 21,202/28,176)
AffectNet loading: 4,690,000/5,822,624 samples (iteration 340, line 23,225/28,176)
AffectNet loading: 4,590,000/5,822,624 samples (iteration 333, line 18,928/28,176)
AffectNet loading: 4,490,000/5,822,624 samples (iteration 326, line 10,768/28,176)
AffectNet loading: 4,560,000/5,822,624 samples (iteration 331, line 13,775/28,176)
AffectNet loading: 4,700,000/5,822,624 samples (iteration 341, line 18,321/28,176)
AffectNet loading: 4,600,000/5,822,624 samples (iteration 334, line 10,342/28,176)
AffectNet loading: 4,500,000/5,822,624 samples (iteration 327, line 1,856/28,176)
AffectNet loading: 4,570,000/5,822,624 samples (iteration 332, line 2,874/28,176)
AffectNet loading: 4,710,000/5,822,624 samples (iteration 342, line 9,918/28,176)
AffectNet loading: 4,610,000/5,822,624 samples (iteration 334, line 27,972/28,176)
AffectNet loading: 4,510,000/5,822,624 samples (iteration 327, line 22,660/28,176)
AffectNet loading: 4,580,000/5,822,624 samples (iteration 332, line 23,659/28,176)
AffectNet loading: 4,720,000/5,822,624 samples (iteration 342, line 27,543/28,176)
AffectNet loading: 4,620,000/5,822,624 samples (iteration 335, line 22,223/28,176)
AffectNet loading: 4,520,000/5,822,624 samples (iteration 328, line 15,540/28,176)
AffectNet loading: 4,590,000/5,822,624 samples (iteration 333, line 18,928/28,176)
AffectNet loading: 4,730,000/5,822,624 samples (iteration 343, line 21,787/28,176)
AffectNet loading: 4,630,000/5,822,624 samples (iteration 336, line 15,002/28,176)
AffectNet loading: 4,530,000/5,822,624 samples (iteration 329, line 7,789/28,176)
AffectNet loading: 4,600,000/5,822,624 samples (iteration 334, line 10,342/28,176)
AffectNet loading: 4,740,000/5,822,624 samples (iteration 344, line 14,486/28,176)
AffectNet loading: 4,740,000/5,822,624 samples (iteration 344, line 14,487/28,176)
AffectNet loading: 4,640,000/5,822,624 samples (iteration 337, line 7,360/28,176)
AffectNet loading: 4,540,000/5,822,624 samples (iteration 329, line 26,973/28,176)
AffectNet loading: 4,610,000/5,822,624 samples (iteration 334, line 27,972/28,176)
AffectNet loading: 4,750,000/5,822,624 samples (iteration 345, line 5,585/28,176)
AffectNet loading: 4,650,000/5,822,624 samples (iteration 337, line 26,544/28,176)
AffectNet loading: 4,550,000/5,822,624 samples (iteration 330, line 21,202/28,176)
AffectNet loading: 4,620,000/5,822,624 samples (iteration 335, line 22,223/28,176)
AffectNet loading: 4,760,000/5,822,624 samples (iteration 345, line 24,236/28,176)
AffectNet loading: 4,660,000/5,822,624 samples (iteration 338, line 20,174/28,176)
AffectNet loading: 4,560,000/5,822,624 samples (iteration 331, line 13,775/28,176)
AffectNet loading: 4,630,000/5,822,624 samples (iteration 336, line 15,002/28,176)
AffectNet loading: 4,770,000/5,822,624 samples (iteration 346, line 19,628/28,176)
AffectNet loading: 4,670,000/5,822,624 samples (iteration 339, line 13,256/28,176)
AffectNet loading: 4,570,000/5,822,624 samples (iteration 332, line 2,874/28,176)
AffectNet loading: 4,640,000/5,822,624 samples (iteration 337, line 7,360/28,176)
AffectNet loading: 4,780,000/5,822,624 samples (iteration 347, line 10,906/28,176)
AffectNet loading: 4,680,000/5,822,624 samples (iteration 340, line 2,435/28,176)
AffectNet loading: 4,580,000/5,822,624 samples (iteration 332, line 23,659/28,176)
AffectNet loading: 4,650,000/5,822,624 samples (iteration 337, line 26,544/28,176)
AffectNet loading: 4,790,000/5,822,624 samples (iteration 348, line 1,998/28,176)
AffectNet loading: 4,690,000/5,822,624 samples (iteration 340, line 23,225/28,176)
AffectNet loading: 4,590,000/5,822,624 samples (iteration 333, line 18,928/28,176)
AffectNet loading: 4,660,000/5,822,624 samples (iteration 338, line 20,174/28,176)
AffectNet loading: 4,800,000/5,822,624 samples (iteration 348, line 22,799/28,176)
AffectNet loading: 4,700,000/5,822,624 samples (iteration 341, line 18,321/28,176)
AffectNet loading: 4,600,000/5,822,624 samples (iteration 334, line 10,342/28,176)
AffectNet loading: 4,670,000/5,822,624 samples (iteration 339, line 13,256/28,176)
AffectNet loading: 4,810,000/5,822,624 samples (iteration 349, line 17,776/28,176)
AffectNet loading: 4,710,000/5,822,624 samples (iteration 342, line 9,918/28,176)
AffectNet loading: 4,610,000/5,822,624 samples (iteration 334, line 27,972/28,176)
AffectNet loading: 4,680,000/5,822,624 samples (iteration 340, line 2,435/28,176)
AffectNet loading: 4,820,000/5,822,624 samples (iteration 350, line 7,929/28,176)
AffectNet loading: 4,720,000/5,822,624 samples (iteration 342, line 27,543/28,176)
AffectNet loading: 4,620,000/5,822,624 samples (iteration 335, line 22,223/28,176)
AffectNet loading: 4,690,000/5,822,624 samples (iteration 340, line 23,225/28,176)
AffectNet loading: 4,830,000/5,822,624 samples (iteration 350, line 27,111/28,176)
AffectNet loading: 4,730,000/5,822,624 samples (iteration 343, line 21,787/28,176)
AffectNet loading: 4,630,000/5,822,624 samples (iteration 336, line 15,002/28,176)
AffectNet loading: 4,700,000/5,822,624 samples (iteration 341, line 18,321/28,176)
AffectNet loading: 4,840,000/5,822,624 samples (iteration 351, line 21,348/28,176)
AffectNet loading: 4,740,000/5,822,624 samples (iteration 344, line 14,486/28,176)
AffectNet loading: 4,740,000/5,822,624 samples (iteration 344, line 14,487/28,176)
AffectNet loading: 4,640,000/5,822,624 samples (iteration 337, line 7,360/28,176)
AffectNet loading: 4,710,000/5,822,624 samples (iteration 342, line 9,918/28,176)
AffectNet loading: 4,850,000/5,822,624 samples (iteration 352, line 13,952/28,176)
AffectNet loading: 4,750,000/5,822,624 samples (iteration 345, line 5,585/28,176)
AffectNet loading: 4,650,000/5,822,624 samples (iteration 337, line 26,544/28,176)
AffectNet loading: 4,720,000/5,822,624 samples (iteration 342, line 27,543/28,176)
AffectNet loading: 4,860,000/5,822,624 samples (iteration 353, line 3,016/28,176)
AffectNet loading: 4,760,000/5,822,624 samples (iteration 345, line 24,236/28,176)
AffectNet loading: 4,660,000/5,822,624 samples (iteration 338, line 20,174/28,176)
AffectNet loading: 4,730,000/5,822,624 samples (iteration 343, line 21,787/28,176)
AffectNet loading: 4,870,000/5,822,624 samples (iteration 353, line 23,799/28,176)
AffectNet loading: 4,770,000/5,822,624 samples (iteration 346, line 19,628/28,176)
AffectNet loading: 4,670,000/5,822,624 samples (iteration 339, line 13,256/28,176)
AffectNet loading: 4,740,000/5,822,624 samples (iteration 344, line 14,486/28,176)
AffectNet loading: 4,740,000/5,822,624 samples (iteration 344, line 14,487/28,176)
AffectNet loading: 4,880,000/5,822,624 samples (iteration 354, line 19,102/28,176)
AffectNet loading: 4,780,000/5,822,624 samples (iteration 347, line 10,906/28,176)
AffectNet loading: 4,680,000/5,822,624 samples (iteration 340, line 2,435/28,176)
AffectNet loading: 4,750,000/5,822,624 samples (iteration 345, line 5,585/28,176)
AffectNet loading: 4,790,000/5,822,624 samples (iteration 348, line 1,998/28,176)
AffectNet loading: 4,890,000/5,822,624 samples (iteration 355, line 10,481/28,176)
AffectNet loading: 4,690,000/5,822,624 samples (iteration 340, line 23,225/28,176)
AffectNet loading: 4,760,000/5,822,624 samples (iteration 345, line 24,236/28,176)
AffectNet loading: 4,800,000/5,822,624 samples (iteration 348, line 22,799/28,176)
AffectNet loading: 4,900,000/5,822,624 samples (iteration 355, line 28,110/28,176)
AffectNet loading: 4,700,000/5,822,624 samples (iteration 341, line 18,321/28,176)
AffectNet loading: 4,770,000/5,822,624 samples (iteration 346, line 19,628/28,176)
AffectNet loading: 4,810,000/5,822,624 samples (iteration 349, line 17,776/28,176)
AffectNet loading: 4,910,000/5,822,624 samples (iteration 356, line 22,362/28,176)
AffectNet loading: 4,710,000/5,822,624 samples (iteration 342, line 9,918/28,176)
AffectNet loading: 4,780,000/5,822,624 samples (iteration 347, line 10,906/28,176)
AffectNet loading: 4,820,000/5,822,624 samples (iteration 350, line 7,929/28,176)
AffectNet loading: 4,920,000/5,822,624 samples (iteration 357, line 15,169/28,176)
AffectNet loading: 4,720,000/5,822,624 samples (iteration 342, line 27,543/28,176)
AffectNet loading: 4,790,000/5,822,624 samples (iteration 348, line 1,998/28,176)
AffectNet loading: 4,830,000/5,822,624 samples (iteration 350, line 27,111/28,176)
AffectNet loading: 4,930,000/5,822,624 samples (iteration 358, line 7,498/28,176)
AffectNet loading: 4,730,000/5,822,624 samples (iteration 343, line 21,787/28,176)
AffectNet loading: 4,800,000/5,822,624 samples (iteration 348, line 22,799/28,176)
AffectNet loading: 4,840,000/5,822,624 samples (iteration 351, line 21,348/28,176)
AffectNet loading: 4,940,000/5,822,624 samples (iteration 358, line 26,682/28,176)
AffectNet loading: 4,740,000/5,822,624 samples (iteration 344, line 14,486/28,176)
AffectNet loading: 4,740,000/5,822,624 samples (iteration 344, line 14,487/28,176)
AffectNet loading: 4,810,000/5,822,624 samples (iteration 349, line 17,776/28,176)
AffectNet loading: 4,850,000/5,822,624 samples (iteration 352, line 13,952/28,176)
AffectNet loading: 4,950,000/5,822,624 samples (iteration 359, line 20,348/28,176)
AffectNet loading: 4,950,000/5,822,624 samples (iteration 359, line 20,349/28,176)
AffectNet loading: 4,950,000/5,822,624 samples (iteration 359, line 20,350/28,176)
AffectNet loading: 4,750,000/5,822,624 samples (iteration 345, line 5,585/28,176)
AffectNet loading: 4,820,000/5,822,624 samples (iteration 350, line 7,929/28,176)
AffectNet loading: 4,860,000/5,822,624 samples (iteration 353, line 3,016/28,176)
AffectNet loading: 4,960,000/5,822,624 samples (iteration 360, line 13,430/28,176)
AffectNet loading: 4,760,000/5,822,624 samples (iteration 345, line 24,236/28,176)
AffectNet loading: 4,830,000/5,822,624 samples (iteration 350, line 27,111/28,176)
AffectNet loading: 4,870,000/5,822,624 samples (iteration 353, line 23,799/28,176)
AffectNet loading: 4,970,000/5,822,624 samples (iteration 361, line 2,577/28,176)
AffectNet loading: 4,770,000/5,822,624 samples (iteration 346, line 19,628/28,176)
AffectNet loading: 4,840,000/5,822,624 samples (iteration 351, line 21,348/28,176)
AffectNet loading: 4,880,000/5,822,624 samples (iteration 354, line 19,102/28,176)
AffectNet loading: 4,980,000/5,822,624 samples (iteration 361, line 23,363/28,176)
AffectNet loading: 4,780,000/5,822,624 samples (iteration 347, line 10,906/28,176)
AffectNet loading: 4,850,000/5,822,624 samples (iteration 352, line 13,952/28,176)
AffectNet loading: 4,990,000/5,822,624 samples (iteration 362, line 18,569/28,176)
AffectNet loading: 4,890,000/5,822,624 samples (iteration 355, line 10,481/28,176)
AffectNet loading: 4,790,000/5,822,624 samples (iteration 348, line 1,998/28,176)
AffectNet loading: 4,860,000/5,822,624 samples (iteration 353, line 3,016/28,176)
AffectNet loading: 5,000,000/5,822,624 samples (iteration 363, line 10,055/28,176)
AffectNet loading: 4,900,000/5,822,624 samples (iteration 355, line 28,110/28,176)
AffectNet loading: 4,800,000/5,822,624 samples (iteration 348, line 22,799/28,176)
AffectNet loading: 4,870,000/5,822,624 samples (iteration 353, line 23,799/28,176)
AffectNet loading: 5,010,000/5,822,624 samples (iteration 363, line 27,682/28,176)
AffectNet loading: 4,910,000/5,822,624 samples (iteration 356, line 22,362/28,176)
AffectNet loading: 4,810,000/5,822,624 samples (iteration 349, line 17,776/28,176)
AffectNet loading: 4,880,000/5,822,624 samples (iteration 354, line 19,102/28,176)
AffectNet loading: 5,020,000/5,822,624 samples (iteration 364, line 21,929/28,176)
AffectNet loading: 4,920,000/5,822,624 samples (iteration 357, line 15,169/28,176)
AffectNet loading: 4,820,000/5,822,624 samples (iteration 350, line 7,929/28,176)
AffectNet loading: 4,890,000/5,822,624 samples (iteration 355, line 10,481/28,176)
AffectNet loading: 5,030,000/5,822,624 samples (iteration 365, line 14,654/28,176)
AffectNet loading: 4,930,000/5,822,624 samples (iteration 358, line 7,498/28,176)
AffectNet loading: 4,830,000/5,822,624 samples (iteration 350, line 27,111/28,176)
AffectNet loading: 4,900,000/5,822,624 samples (iteration 355, line 28,110/28,176)
AffectNet loading: 5,040,000/5,822,624 samples (iteration 366, line 7,068/28,176)
AffectNet loading: 4,940,000/5,822,624 samples (iteration 358, line 26,682/28,176)
AffectNet loading: 4,840,000/5,822,624 samples (iteration 351, line 21,348/28,176)
AffectNet loading: 4,910,000/5,822,624 samples (iteration 356, line 22,362/28,176)
AffectNet loading: 5,050,000/5,822,624 samples (iteration 366, line 26,251/28,176)
AffectNet loading: 4,950,000/5,822,624 samples (iteration 359, line 20,348/28,176)
AffectNet loading: 4,950,000/5,822,624 samples (iteration 359, line 20,349/28,176)
AffectNet loading: 4,950,000/5,822,624 samples (iteration 359, line 20,350/28,176)
AffectNet loading: 4,850,000/5,822,624 samples (iteration 352, line 13,952/28,176)
AffectNet loading: 4,920,000/5,822,624 samples (iteration 357, line 15,169/28,176)
AffectNet loading: 5,060,000/5,822,624 samples (iteration 367, line 19,803/28,176)
AffectNet loading: 5,060,000/5,822,624 samples (iteration 367, line 19,804/28,176)
AffectNet loading: 4,960,000/5,822,624 samples (iteration 360, line 13,430/28,176)
AffectNet loading: 4,860,000/5,822,624 samples (iteration 353, line 3,016/28,176)
AffectNet loading: 4,930,000/5,822,624 samples (iteration 358, line 7,498/28,176)
AffectNet loading: 5,070,000/5,822,624 samples (iteration 368, line 11,045/28,176)
AffectNet loading: 4,970,000/5,822,624 samples (iteration 361, line 2,577/28,176)
AffectNet loading: 4,870,000/5,822,624 samples (iteration 353, line 23,799/28,176)
AffectNet loading: 4,940,000/5,822,624 samples (iteration 358, line 26,682/28,176)
AffectNet loading: 5,080,000/5,822,624 samples (iteration 369, line 2,141/28,176)
AffectNet loading: 4,980,000/5,822,624 samples (iteration 361, line 23,363/28,176)
AffectNet loading: 4,880,000/5,822,624 samples (iteration 354, line 19,102/28,176)
AffectNet loading: 5,090,000/5,822,624 samples (iteration 369, line 22,937/28,176)
AffectNet loading: 4,950,000/5,822,624 samples (iteration 359, line 20,348/28,176)
AffectNet loading: 4,950,000/5,822,624 samples (iteration 359, line 20,349/28,176)
AffectNet loading: 4,950,000/5,822,624 samples (iteration 359, line 20,350/28,176)
AffectNet loading: 4,990,000/5,822,624 samples (iteration 362, line 18,569/28,176)
AffectNet loading: 4,890,000/5,822,624 samples (iteration 355, line 10,481/28,176)
AffectNet loading: 4,960,000/5,822,624 samples (iteration 360, line 13,430/28,176)
AffectNet loading: 5,100,000/5,822,624 samples (iteration 370, line 17,956/28,176)
AffectNet loading: 5,000,000/5,822,624 samples (iteration 363, line 10,055/28,176)
AffectNet loading: 4,900,000/5,822,624 samples (iteration 355, line 28,110/28,176)
AffectNet loading: 4,970,000/5,822,624 samples (iteration 361, line 2,577/28,176)
AffectNet loading: 5,110,000/5,822,624 samples (iteration 371, line 8,068/28,176)
AffectNet loading: 5,010,000/5,822,624 samples (iteration 363, line 27,682/28,176)
AffectNet loading: 4,980,000/5,822,624 samples (iteration 361, line 23,363/28,176)
AffectNet loading: 4,910,000/5,822,624 samples (iteration 356, line 22,362/28,176)
AffectNet loading: 5,120,000/5,822,624 samples (iteration 371, line 27,249/28,176)
AffectNet loading: 5,020,000/5,822,624 samples (iteration 364, line 21,929/28,176)
AffectNet loading: 4,920,000/5,822,624 samples (iteration 357, line 15,169/28,176)
AffectNet loading: 4,990,000/5,822,624 samples (iteration 362, line 18,569/28,176)
AffectNet loading: 5,130,000/5,822,624 samples (iteration 372, line 21,490/28,176)
AffectNet loading: 5,030,000/5,822,624 samples (iteration 365, line 14,654/28,176)
AffectNet loading: 5,000,000/5,822,624 samples (iteration 363, line 10,055/28,176)
AffectNet loading: 4,930,000/5,822,624 samples (iteration 358, line 7,498/28,176)
AffectNet loading: 5,140,000/5,822,624 samples (iteration 373, line 14,123/28,176)
AffectNet loading: 5,040,000/5,822,624 samples (iteration 366, line 7,068/28,176)
AffectNet loading: 5,010,000/5,822,624 samples (iteration 363, line 27,682/28,176)
AffectNet loading: 5,150,000/5,822,624 samples (iteration 374, line 4,663/28,176)
AffectNet loading: 5,150,000/5,822,624 samples (iteration 374, line 4,664/28,176)
AffectNet loading: 5,150,000/5,822,624 samples (iteration 374, line 4,665/28,176)
AffectNet loading: 4,940,000/5,822,624 samples (iteration 358, line 26,682/28,176)
AffectNet loading: 5,050,000/5,822,624 samples (iteration 366, line 26,251/28,176)
AffectNet loading: 5,020,000/5,822,624 samples (iteration 364, line 21,929/28,176)
AffectNet loading: 5,160,000/5,822,624 samples (iteration 374, line 23,941/28,176)
AffectNet loading: 4,950,000/5,822,624 samples (iteration 359, line 20,348/28,176)
AffectNet loading: 4,950,000/5,822,624 samples (iteration 359, line 20,349/28,176)
AffectNet loading: 4,950,000/5,822,624 samples (iteration 359, line 20,350/28,176)
AffectNet loading: 5,060,000/5,822,624 samples (iteration 367, line 19,803/28,176)
AffectNet loading: 5,060,000/5,822,624 samples (iteration 367, line 19,804/28,176)
AffectNet loading: 5,030,000/5,822,624 samples (iteration 365, line 14,654/28,176)
AffectNet loading: 5,070,000/5,822,624 samples (iteration 368, line 11,045/28,176)
AffectNet loading: 5,170,000/5,822,624 samples (iteration 375, line 19,272/28,176)
AffectNet loading: 4,960,000/5,822,624 samples (iteration 360, line 13,430/28,176)
AffectNet loading: 4,970,000/5,822,624 samples (iteration 361, line 2,577/28,176)
AffectNet loading: 5,040,000/5,822,624 samples (iteration 366, line 7,068/28,176)
AffectNet loading: 5,180,000/5,822,624 samples (iteration 376, line 10,618/28,176)
AffectNet loading: 5,080,000/5,822,624 samples (iteration 369, line 2,141/28,176)
AffectNet loading: 4,980,000/5,822,624 samples (iteration 361, line 23,363/28,176)
AffectNet loading: 5,050,000/5,822,624 samples (iteration 366, line 26,251/28,176)
AffectNet loading: 5,190,000/5,822,624 samples (iteration 377, line 1,704/28,176)
AffectNet loading: 5,090,000/5,822,624 samples (iteration 369, line 22,937/28,176)
AffectNet loading: 5,200,000/5,822,624 samples (iteration 377, line 22,506/28,176)
AffectNet loading: 5,060,000/5,822,624 samples (iteration 367, line 19,803/28,176)
AffectNet loading: 5,060,000/5,822,624 samples (iteration 367, line 19,804/28,176)
AffectNet loading: 4,990,000/5,822,624 samples (iteration 362, line 18,569/28,176)
AffectNet loading: 5,100,000/5,822,624 samples (iteration 370, line 17,956/28,176)
AffectNet loading: 5,000,000/5,822,624 samples (iteration 363, line 10,055/28,176)
AffectNet loading: 5,070,000/5,822,624 samples (iteration 368, line 11,045/28,176)
AffectNet loading: 5,110,000/5,822,624 samples (iteration 371, line 8,068/28,176)
AffectNet loading: 5,210,000/5,822,624 samples (iteration 378, line 15,353/28,176)
AffectNet loading: 5,010,000/5,822,624 samples (iteration 363, line 27,682/28,176)
AffectNet loading: 5,120,000/5,822,624 samples (iteration 371, line 27,249/28,176)
AffectNet loading: 5,080,000/5,822,624 samples (iteration 369, line 2,141/28,176)
AffectNet loading: 5,220,000/5,822,624 samples (iteration 379, line 7,638/28,176)
AffectNet loading: 5,020,000/5,822,624 samples (iteration 364, line 21,929/28,176)
AffectNet loading: 5,090,000/5,822,624 samples (iteration 369, line 22,937/28,176)
AffectNet loading: 5,230,000/5,822,624 samples (iteration 379, line 26,822/28,176)
AffectNet loading: 5,130,000/5,822,624 samples (iteration 372, line 21,490/28,176)
AffectNet loading: 5,030,000/5,822,624 samples (iteration 365, line 14,654/28,176)
AffectNet loading: 5,140,000/5,822,624 samples (iteration 373, line 14,123/28,176)
AffectNet loading: 5,240,000/5,822,624 samples (iteration 380, line 20,533/28,176)
AffectNet loading: 5,240,000/5,822,624 samples (iteration 380, line 20,534/28,176)
AffectNet loading: 5,100,000/5,822,624 samples (iteration 370, line 17,956/28,176)
AffectNet loading: 5,150,000/5,822,624 samples (iteration 374, line 4,663/28,176)
AffectNet loading: 5,150,000/5,822,624 samples (iteration 374, line 4,664/28,176)
AffectNet loading: 5,150,000/5,822,624 samples (iteration 374, line 4,665/28,176)
AffectNet loading: 5,040,000/5,822,624 samples (iteration 366, line 7,068/28,176)
AffectNet loading: 5,110,000/5,822,624 samples (iteration 371, line 8,068/28,176)
AffectNet loading: 5,250,000/5,822,624 samples (iteration 381, line 13,593/28,176)
AffectNet loading: 5,250,000/5,822,624 samples (iteration 381, line 13,594/28,176)
AffectNet loading: 5,250,000/5,822,624 samples (iteration 381, line 13,595/28,176)
AffectNet loading: 5,160,000/5,822,624 samples (iteration 374, line 23,941/28,176)
AffectNet loading: 5,120,000/5,822,624 samples (iteration 371, line 27,249/28,176)
AffectNet loading: 5,050,000/5,822,624 samples (iteration 366, line 26,251/28,176)
AffectNet loading: 5,260,000/5,822,624 samples (iteration 382, line 2,718/28,176)
AffectNet loading: 5,270,000/5,822,624 samples (iteration 382, line 23,502/28,176)
AffectNet loading: 5,170,000/5,822,624 samples (iteration 375, line 19,272/28,176)
AffectNet loading: 5,130,000/5,822,624 samples (iteration 372, line 21,490/28,176)
AffectNet loading: 5,060,000/5,822,624 samples (iteration 367, line 19,803/28,176)
AffectNet loading: 5,060,000/5,822,624 samples (iteration 367, line 19,804/28,176)
AffectNet loading: 5,180,000/5,822,624 samples (iteration 376, line 10,618/28,176)
AffectNet loading: 5,070,000/5,822,624 samples (iteration 368, line 11,045/28,176)
AffectNet loading: 5,140,000/5,822,624 samples (iteration 373, line 14,123/28,176)
AffectNet loading: 5,280,000/5,822,624 samples (iteration 383, line 18,741/28,176)
AffectNet loading: 5,280,000/5,822,624 samples (iteration 383, line 18,742/28,176)
AffectNet loading: 5,150,000/5,822,624 samples (iteration 374, line 4,663/28,176)
AffectNet loading: 5,150,000/5,822,624 samples (iteration 374, line 4,664/28,176)
AffectNet loading: 5,150,000/5,822,624 samples (iteration 374, line 4,665/28,176)
AffectNet loading: 5,190,000/5,822,624 samples (iteration 377, line 1,704/28,176)
AffectNet loading: 5,290,000/5,822,624 samples (iteration 384, line 10,192/28,176)
AffectNet loading: 5,080,000/5,822,624 samples (iteration 369, line 2,141/28,176)
AffectNet loading: 5,160,000/5,822,624 samples (iteration 374, line 23,941/28,176)
AffectNet loading: 5,300,000/5,822,624 samples (iteration 384, line 27,820/28,176)
AffectNet loading: 5,200,000/5,822,624 samples (iteration 377, line 22,506/28,176)
AffectNet loading: 5,090,000/5,822,624 samples (iteration 369, line 22,937/28,176)
AffectNet loading: 5,210,000/5,822,624 samples (iteration 378, line 15,353/28,176)
AffectNet loading: 5,310,000/5,822,624 samples (iteration 385, line 22,068/28,176)
AffectNet loading: 5,170,000/5,822,624 samples (iteration 375, line 19,272/28,176)
AffectNet loading: 5,100,000/5,822,624 samples (iteration 370, line 17,956/28,176)
AffectNet loading: 5,220,000/5,822,624 samples (iteration 379, line 7,638/28,176)
AffectNet loading: 5,180,000/5,822,624 samples (iteration 376, line 10,618/28,176)
AffectNet loading: 5,320,000/5,822,624 samples (iteration 386, line 14,818/28,176)
AffectNet loading: 5,110,000/5,822,624 samples (iteration 371, line 8,068/28,176)
AffectNet loading: 5,230,000/5,822,624 samples (iteration 379, line 26,822/28,176)
AffectNet loading: 5,330,000/5,822,624 samples (iteration 387, line 7,206/28,176)
AffectNet loading: 5,190,000/5,822,624 samples (iteration 377, line 1,704/28,176)
AffectNet loading: 5,120,000/5,822,624 samples (iteration 371, line 27,249/28,176)
AffectNet loading: 5,240,000/5,822,624 samples (iteration 380, line 20,533/28,176)
AffectNet loading: 5,240,000/5,822,624 samples (iteration 380, line 20,534/28,176)
AffectNet loading: 5,340,000/5,822,624 samples (iteration 387, line 26,392/28,176)
AffectNet loading: 5,200,000/5,822,624 samples (iteration 377, line 22,506/28,176)
AffectNet loading: 5,130,000/5,822,624 samples (iteration 372, line 21,490/28,176)
AffectNet loading: 5,250,000/5,822,624 samples (iteration 381, line 13,593/28,176)
AffectNet loading: 5,250,000/5,822,624 samples (iteration 381, line 13,594/28,176)
AffectNet loading: 5,250,000/5,822,624 samples (iteration 381, line 13,595/28,176)
AffectNet loading: 5,350,000/5,822,624 samples (iteration 388, line 19,978/28,176)
AffectNet loading: 5,210,000/5,822,624 samples (iteration 378, line 15,353/28,176)
AffectNet loading: 5,140,000/5,822,624 samples (iteration 373, line 14,123/28,176)
AffectNet loading: 5,260,000/5,822,624 samples (iteration 382, line 2,718/28,176)
AffectNet loading: 5,360,000/5,822,624 samples (iteration 389, line 13,082/28,176)
AffectNet loading: 5,360,000/5,822,624 samples (iteration 389, line 13,083/28,176)
AffectNet loading: 5,220,000/5,822,624 samples (iteration 379, line 7,638/28,176)
AffectNet loading: 5,150,000/5,822,624 samples (iteration 374, line 4,663/28,176)
AffectNet loading: 5,150,000/5,822,624 samples (iteration 374, line 4,664/28,176)
AffectNet loading: 5,150,000/5,822,624 samples (iteration 374, line 4,665/28,176)
AffectNet loading: 5,270,000/5,822,624 samples (iteration 382, line 23,502/28,176)
AffectNet loading: 5,370,000/5,822,624 samples (iteration 390, line 2,280/28,176)
AffectNet loading: 5,230,000/5,822,624 samples (iteration 379, line 26,822/28,176)
AffectNet loading: 5,160,000/5,822,624 samples (iteration 374, line 23,941/28,176)
AffectNet loading: 5,380,000/5,822,624 samples (iteration 390, line 23,075/28,176)
AffectNet loading: 5,280,000/5,822,624 samples (iteration 383, line 18,741/28,176)
AffectNet loading: 5,280,000/5,822,624 samples (iteration 383, line 18,742/28,176)
AffectNet loading: 5,240,000/5,822,624 samples (iteration 380, line 20,533/28,176)
AffectNet loading: 5,240,000/5,822,624 samples (iteration 380, line 20,534/28,176)
AffectNet loading: 5,170,000/5,822,624 samples (iteration 375, line 19,272/28,176)
AffectNet loading: 5,290,000/5,822,624 samples (iteration 384, line 10,192/28,176)
AffectNet loading: 5,390,000/5,822,624 samples (iteration 391, line 18,129/28,176)
AffectNet loading: 5,180,000/5,822,624 samples (iteration 376, line 10,618/28,176)
AffectNet loading: 5,250,000/5,822,624 samples (iteration 381, line 13,593/28,176)
AffectNet loading: 5,250,000/5,822,624 samples (iteration 381, line 13,594/28,176)
AffectNet loading: 5,250,000/5,822,624 samples (iteration 381, line 13,595/28,176)
AffectNet loading: 5,300,000/5,822,624 samples (iteration 384, line 27,820/28,176)
AffectNet loading: 5,400,000/5,822,624 samples (iteration 392, line 9,767/28,176)
AffectNet loading: 5,260,000/5,822,624 samples (iteration 382, line 2,718/28,176)
AffectNet loading: 5,190,000/5,822,624 samples (iteration 377, line 1,704/28,176)
AffectNet loading: 5,410,000/5,822,624 samples (iteration 392, line 27,387/28,176)
AffectNet loading: 5,310,000/5,822,624 samples (iteration 385, line 22,068/28,176)
AffectNet loading: 5,270,000/5,822,624 samples (iteration 382, line 23,502/28,176)
AffectNet loading: 5,200,000/5,822,624 samples (iteration 377, line 22,506/28,176)
AffectNet loading: 5,420,000/5,822,624 samples (iteration 393, line 21,630/28,176)
AffectNet loading: 5,320,000/5,822,624 samples (iteration 386, line 14,818/28,176)
AffectNet loading: 5,210,000/5,822,624 samples (iteration 378, line 15,353/28,176)
AffectNet loading: 5,280,000/5,822,624 samples (iteration 383, line 18,741/28,176)
AffectNet loading: 5,280,000/5,822,624 samples (iteration 383, line 18,742/28,176)
AffectNet loading: 5,430,000/5,822,624 samples (iteration 394, line 14,299/28,176)
AffectNet loading: 5,330,000/5,822,624 samples (iteration 387, line 7,206/28,176)
AffectNet loading: 5,220,000/5,822,624 samples (iteration 379, line 7,638/28,176)
AffectNet loading: 5,290,000/5,822,624 samples (iteration 384, line 10,192/28,176)
AffectNet loading: 5,440,000/5,822,624 samples (iteration 395, line 5,105/28,176)
AffectNet loading: 5,340,000/5,822,624 samples (iteration 387, line 26,392/28,176)
AffectNet loading: 5,300,000/5,822,624 samples (iteration 384, line 27,820/28,176)
AffectNet loading: 5,230,000/5,822,624 samples (iteration 379, line 26,822/28,176)
AffectNet loading: 5,450,000/5,822,624 samples (iteration 395, line 24,082/28,176)
AffectNet loading: 5,350,000/5,822,624 samples (iteration 388, line 19,978/28,176)
AffectNet loading: 5,240,000/5,822,624 samples (iteration 380, line 20,533/28,176)
AffectNet loading: 5,240,000/5,822,624 samples (iteration 380, line 20,534/28,176)
AffectNet loading: 5,310,000/5,822,624 samples (iteration 385, line 22,068/28,176)
AffectNet loading: 5,460,000/5,822,624 samples (iteration 396, line 19,442/28,176)
AffectNet loading: 5,360,000/5,822,624 samples (iteration 389, line 13,082/28,176)
AffectNet loading: 5,360,000/5,822,624 samples (iteration 389, line 13,083/28,176)
AffectNet loading: 5,320,000/5,822,624 samples (iteration 386, line 14,818/28,176)
AffectNet loading: 5,250,000/5,822,624 samples (iteration 381, line 13,593/28,176)
AffectNet loading: 5,250,000/5,822,624 samples (iteration 381, line 13,594/28,176)
AffectNet loading: 5,250,000/5,822,624 samples (iteration 381, line 13,595/28,176)
AffectNet loading: 5,470,000/5,822,624 samples (iteration 397, line 10,755/28,176)
AffectNet loading: 5,370,000/5,822,624 samples (iteration 390, line 2,280/28,176)
AffectNet loading: 5,260,000/5,822,624 samples (iteration 382, line 2,718/28,176)
AffectNet loading: 5,330,000/5,822,624 samples (iteration 387, line 7,206/28,176)
AffectNet loading: 5,480,000/5,822,624 samples (iteration 398, line 1,843/28,176)
AffectNet loading: 5,380,000/5,822,624 samples (iteration 390, line 23,075/28,176)
AffectNet loading: 5,270,000/5,822,624 samples (iteration 382, line 23,502/28,176)
AffectNet loading: 5,340,000/5,822,624 samples (iteration 387, line 26,392/28,176)
AffectNet loading: 5,490,000/5,822,624 samples (iteration 398, line 22,647/28,176)
AffectNet loading: 5,390,000/5,822,624 samples (iteration 391, line 18,129/28,176)
AffectNet loading: 5,350,000/5,822,624 samples (iteration 388, line 19,978/28,176)
AffectNet loading: 5,280,000/5,822,624 samples (iteration 383, line 18,741/28,176)
AffectNet loading: 5,280,000/5,822,624 samples (iteration 383, line 18,742/28,176)
AffectNet loading: 5,500,000/5,822,624 samples (iteration 399, line 15,523/28,176)
AffectNet loading: 5,400,000/5,822,624 samples (iteration 392, line 9,767/28,176)
AffectNet loading: 5,360,000/5,822,624 samples (iteration 389, line 13,082/28,176)
AffectNet loading: 5,360,000/5,822,624 samples (iteration 389, line 13,083/28,176)
AffectNet loading: 5,290,000/5,822,624 samples (iteration 384, line 10,192/28,176)
AffectNet loading: 5,510,000/5,822,624 samples (iteration 400, line 7,776/28,176)
AffectNet loading: 5,410,000/5,822,624 samples (iteration 392, line 27,387/28,176)
AffectNet loading: 5,370,000/5,822,624 samples (iteration 390, line 2,280/28,176)
AffectNet loading: 5,300,000/5,822,624 samples (iteration 384, line 27,820/28,176)
AffectNet loading: 5,520,000/5,822,624 samples (iteration 400, line 26,960/28,176)
AffectNet loading: 5,420,000/5,822,624 samples (iteration 393, line 21,630/28,176)
AffectNet loading: 5,380,000/5,822,624 samples (iteration 390, line 23,075/28,176)
AffectNet loading: 5,310,000/5,822,624 samples (iteration 385, line 22,068/28,176)
AffectNet loading: 5,530,000/5,822,624 samples (iteration 401, line 20,707/28,176)
AffectNet loading: 5,430,000/5,822,624 samples (iteration 394, line 14,299/28,176)
AffectNet loading: 5,390,000/5,822,624 samples (iteration 391, line 18,129/28,176)
AffectNet loading: 5,320,000/5,822,624 samples (iteration 386, line 14,818/28,176)
AffectNet loading: 5,440,000/5,822,624 samples (iteration 395, line 5,105/28,176)
AffectNet loading: 5,540,000/5,822,624 samples (iteration 402, line 13,759/28,176)
AffectNet loading: 5,400,000/5,822,624 samples (iteration 392, line 9,767/28,176)
AffectNet loading: 5,330,000/5,822,624 samples (iteration 387, line 7,206/28,176)
AffectNet loading: 5,550,000/5,822,624 samples (iteration 403, line 2,860/28,176)AffectNet loading: 5,450,000/5,822,624 samples (iteration 395, line 24,082/28,176)

AffectNet loading: 5,410,000/5,822,624 samples (iteration 392, line 27,387/28,176)
AffectNet loading: 5,340,000/5,822,624 samples (iteration 387, line 26,392/28,176)
AffectNet loading: 5,560,000/5,822,624 samples (iteration 403, line 23,645/28,176)
AffectNet loading: 5,460,000/5,822,624 samples (iteration 396, line 19,442/28,176)
AffectNet loading: 5,420,000/5,822,624 samples (iteration 393, line 21,630/28,176)
AffectNet loading: 5,350,000/5,822,624 samples (iteration 388, line 19,978/28,176)
AffectNet loading: 5,470,000/5,822,624 samples (iteration 397, line 10,755/28,176)
AffectNet loading: 5,570,000/5,822,624 samples (iteration 404, line 18,913/28,176)
AffectNet loading: 5,430,000/5,822,624 samples (iteration 394, line 14,299/28,176)
AffectNet loading: 5,360,000/5,822,624 samples (iteration 389, line 13,082/28,176)
AffectNet loading: 5,360,000/5,822,624 samples (iteration 389, line 13,083/28,176)
AffectNet loading: 5,480,000/5,822,624 samples (iteration 398, line 1,843/28,176)
AffectNet loading: 5,580,000/5,822,624 samples (iteration 405, line 10,329/28,176)
AffectNet loading: 5,440,000/5,822,624 samples (iteration 395, line 5,105/28,176)
AffectNet loading: 5,370,000/5,822,624 samples (iteration 390, line 2,280/28,176)
AffectNet loading: 5,490,000/5,822,624 samples (iteration 398, line 22,647/28,176)
AffectNet loading: 5,590,000/5,822,624 samples (iteration 405, line 27,958/28,176)
AffectNet loading: 5,450,000/5,822,624 samples (iteration 395, line 24,082/28,176)
AffectNet loading: 5,380,000/5,822,624 samples (iteration 390, line 23,075/28,176)
AffectNet loading: 5,500,000/5,822,624 samples (iteration 399, line 15,523/28,176)
AffectNet loading: 5,600,000/5,822,624 samples (iteration 406, line 22,210/28,176)
AffectNet loading: 5,460,000/5,822,624 samples (iteration 396, line 19,442/28,176)
AffectNet loading: 5,390,000/5,822,624 samples (iteration 391, line 18,129/28,176)
AffectNet loading: 5,510,000/5,822,624 samples (iteration 400, line 7,776/28,176)
AffectNet loading: 5,610,000/5,822,624 samples (iteration 407, line 14,986/28,176)
AffectNet loading: 5,470,000/5,822,624 samples (iteration 397, line 10,755/28,176)
AffectNet loading: 5,400,000/5,822,624 samples (iteration 392, line 9,767/28,176)
AffectNet loading: 5,520,000/5,822,624 samples (iteration 400, line 26,960/28,176)
AffectNet loading: 5,620,000/5,822,624 samples (iteration 408, line 7,347/28,176)
AffectNet loading: 5,480,000/5,822,624 samples (iteration 398, line 1,843/28,176)
AffectNet loading: 5,410,000/5,822,624 samples (iteration 392, line 27,387/28,176)
AffectNet loading: 5,630,000/5,822,624 samples (iteration 408, line 26,531/28,176)
AffectNet loading: 5,530,000/5,822,624 samples (iteration 401, line 20,707/28,176)
AffectNet loading: 5,490,000/5,822,624 samples (iteration 398, line 22,647/28,176)
AffectNet loading: 5,420,000/5,822,624 samples (iteration 393, line 21,630/28,176)
AffectNet loading: 5,640,000/5,822,624 samples (iteration 409, line 20,157/28,176)
AffectNet loading: 5,540,000/5,822,624 samples (iteration 402, line 13,759/28,176)
AffectNet loading: 5,500,000/5,822,624 samples (iteration 399, line 15,523/28,176)
AffectNet loading: 5,430,000/5,822,624 samples (iteration 394, line 14,299/28,176)
AffectNet loading: 5,550,000/5,822,624 samples (iteration 403, line 2,860/28,176)
AffectNet loading: 5,650,000/5,822,624 samples (iteration 410, line 13,241/28,176)
AffectNet loading: 5,510,000/5,822,624 samples (iteration 400, line 7,776/28,176)
AffectNet loading: 5,440,000/5,822,624 samples (iteration 395, line 5,105/28,176)
AffectNet loading: 5,660,000/5,822,624 samples (iteration 411, line 2,421/28,176)
AffectNet loading: 5,560,000/5,822,624 samples (iteration 403, line 23,645/28,176)
AffectNet loading: 5,520,000/5,822,624 samples (iteration 400, line 26,960/28,176)
AffectNet loading: 5,450,000/5,822,624 samples (iteration 395, line 24,082/28,176)
AffectNet loading: 5,670,000/5,822,624 samples (iteration 411, line 23,212/28,176)
AffectNet loading: 5,570,000/5,822,624 samples (iteration 404, line 18,913/28,176)
AffectNet loading: 5,530,000/5,822,624 samples (iteration 401, line 20,707/28,176)
AffectNet loading: 5,460,000/5,822,624 samples (iteration 396, line 19,442/28,176)
AffectNet loading: 5,580,000/5,822,624 samples (iteration 405, line 10,329/28,176)
AffectNet loading: 5,680,000/5,822,624 samples (iteration 412, line 18,306/28,176)
AffectNet loading: 5,680,000/5,822,624 samples (iteration 412, line 18,307/28,176)
AffectNet loading: 5,540,000/5,822,624 samples (iteration 402, line 13,759/28,176)
AffectNet loading: 5,470,000/5,822,624 samples (iteration 397, line 10,755/28,176)
AffectNet loading: 5,590,000/5,822,624 samples (iteration 405, line 27,958/28,176)
AffectNet loading: 5,690,000/5,822,624 samples (iteration 413, line 9,904/28,176)
AffectNet loading: 5,550,000/5,822,624 samples (iteration 403, line 2,860/28,176)
AffectNet loading: 5,480,000/5,822,624 samples (iteration 398, line 1,843/28,176)
AffectNet loading: 5,600,000/5,822,624 samples (iteration 406, line 22,210/28,176)
AffectNet loading: 5,700,000/5,822,624 samples (iteration 413, line 27,529/28,176)
AffectNet loading: 5,560,000/5,822,624 samples (iteration 403, line 23,645/28,176)
AffectNet loading: 5,490,000/5,822,624 samples (iteration 398, line 22,647/28,176)
AffectNet loading: 5,610,000/5,822,624 samples (iteration 407, line 14,986/28,176)
AffectNet loading: 5,710,000/5,822,624 samples (iteration 414, line 21,774/28,176)
AffectNet loading: 5,570,000/5,822,624 samples (iteration 404, line 18,913/28,176)
AffectNet loading: 5,500,000/5,822,624 samples (iteration 399, line 15,523/28,176)
AffectNet loading: 5,620,000/5,822,624 samples (iteration 408, line 7,347/28,176)
AffectNet loading: 5,720,000/5,822,624 samples (iteration 415, line 14,468/28,176)
AffectNet loading: 5,580,000/5,822,624 samples (iteration 405, line 10,329/28,176)
AffectNet loading: 5,510,000/5,822,624 samples (iteration 400, line 7,776/28,176)
AffectNet loading: 5,730,000/5,822,624 samples (iteration 416, line 5,541/28,176)
AffectNet loading: 5,730,000/5,822,624 samples (iteration 416, line 5,542/28,176)
AffectNet loading: 5,730,000/5,822,624 samples (iteration 416, line 5,543/28,176)
AffectNet loading: 5,630,000/5,822,624 samples (iteration 408, line 26,531/28,176)
AffectNet loading: 5,590,000/5,822,624 samples (iteration 405, line 27,958/28,176)
AffectNet loading: 5,520,000/5,822,624 samples (iteration 400, line 26,960/28,176)
AffectNet loading: 5,740,000/5,822,624 samples (iteration 416, line 24,223/28,176)
AffectNet loading: 5,640,000/5,822,624 samples (iteration 409, line 20,157/28,176)
AffectNet loading: 5,600,000/5,822,624 samples (iteration 406, line 22,210/28,176)
AffectNet loading: 5,530,000/5,822,624 samples (iteration 401, line 20,707/28,176)
AffectNet loading: 5,750,000/5,822,624 samples (iteration 417, line 19,610/28,176)
AffectNet loading: 5,650,000/5,822,624 samples (iteration 410, line 13,241/28,176)
AffectNet loading: 5,610,000/5,822,624 samples (iteration 407, line 14,986/28,176)
AffectNet loading: 5,540,000/5,822,624 samples (iteration 402, line 13,759/28,176)
AffectNet loading: 5,660,000/5,822,624 samples (iteration 411, line 2,421/28,176)
AffectNet loading: 5,760,000/5,822,624 samples (iteration 418, line 10,893/28,176)
AffectNet loading: 5,620,000/5,822,624 samples (iteration 408, line 7,347/28,176)
AffectNet loading: 5,550,000/5,822,624 samples (iteration 403, line 2,860/28,176)
AffectNet loading: 5,670,000/5,822,624 samples (iteration 411, line 23,212/28,176)
AffectNet loading: 5,770,000/5,822,624 samples (iteration 419, line 1,985/28,176)
AffectNet loading: 5,630,000/5,822,624 samples (iteration 408, line 26,531/28,176)
AffectNet loading: 5,560,000/5,822,624 samples (iteration 403, line 23,645/28,176)
AffectNet loading: 5,780,000/5,822,624 samples (iteration 419, line 22,786/28,176)
AffectNet loading: 5,680,000/5,822,624 samples (iteration 412, line 18,306/28,176)
AffectNet loading: 5,680,000/5,822,624 samples (iteration 412, line 18,307/28,176)
AffectNet loading: 5,640,000/5,822,624 samples (iteration 409, line 20,157/28,176)
AffectNet loading: 5,570,000/5,822,624 samples (iteration 404, line 18,913/28,176)
AffectNet loading: 5,690,000/5,822,624 samples (iteration 413, line 9,904/28,176)
AffectNet loading: 5,790,000/5,822,624 samples (iteration 420, line 17,761/28,176)
AffectNet loading: 5,650,000/5,822,624 samples (iteration 410, line 13,241/28,176)
AffectNet loading: 5,580,000/5,822,624 samples (iteration 405, line 10,329/28,176)
AffectNet loading: 5,700,000/5,822,624 samples (iteration 413, line 27,529/28,176)
AffectNet loading: 5,800,000/5,822,624 samples (iteration 421, line 7,916/28,176)
AffectNet loading: 5,660,000/5,822,624 samples (iteration 411, line 2,421/28,176)
AffectNet loading: 5,590,000/5,822,624 samples (iteration 405, line 27,958/28,176)
AffectNet loading: 5,710,000/5,822,624 samples (iteration 414, line 21,774/28,176)
AffectNet loading: 5,810,000/5,822,624 samples (iteration 421, line 27,098/28,176)
AffectNet loading: 5,670,000/5,822,624 samples (iteration 411, line 23,212/28,176)
AffectNet loading: 5,600,000/5,822,624 samples (iteration 406, line 22,210/28,176)
AffectNet loading: 5,720,000/5,822,624 samples (iteration 415, line 14,468/28,176)
AffectNet loading: 5,820,000/5,822,624 samples (iteration 422, line 21,335/28,176)
AffectNet loading: 5,680,000/5,822,624 samples (iteration 412, line 18,306/28,176)
AffectNet loading: 5,680,000/5,822,624 samples (iteration 412, line 18,307/28,176)
AffectNet loading: 5,730,000/5,822,624 samples (iteration 416, line 5,541/28,176)
AffectNet loading: 5,730,000/5,822,624 samples (iteration 416, line 5,542/28,176)
AffectNet loading: 5,730,000/5,822,624 samples (iteration 416, line 5,543/28,176)
AffectNet loading: 5,610,000/5,822,624 samples (iteration 407, line 14,986/28,176)
Expression dataset loaded: 5822624 samples
AffectNet loading: 5,690,000/5,822,624 samples (iteration 413, line 9,904/28,176)
AffectNet loading: 5,740,000/5,822,624 samples (iteration 416, line 24,223/28,176)
AffectNet loading: 5,620,000/5,822,624 samples (iteration 408, line 7,347/28,176)
AffectNet loading: 5,700,000/5,822,624 samples (iteration 413, line 27,529/28,176)
AffectNet loading: 5,750,000/5,822,624 samples (iteration 417, line 19,610/28,176)
AffectNet loading: 5,630,000/5,822,624 samples (iteration 408, line 26,531/28,176)
/venv/main/lib/python3.12/site-packages/torch/functional.py:505: UserWarning: torch.meshgrid: in an upcoming release, it will be required to pass the indexing argument. (Triggered internally at /pytorch/aten/src/ATen/native/TensorShape.cpp:4317.)
  return _VF.meshgrid(tensors, **kwargs)  # type: ignore[attr-defined]
AffectNet loading: 5,710,000/5,822,624 samples (iteration 414, line 21,774/28,176)
AffectNet loading: 5,760,000/5,822,624 samples (iteration 418, line 10,893/28,176)
AffectNet loading: 5,640,000/5,822,624 samples (iteration 409, line 20,157/28,176)
AffectNet loading: 5,720,000/5,822,624 samples (iteration 415, line 14,468/28,176)
AffectNet loading: 5,770,000/5,822,624 samples (iteration 419, line 1,985/28,176)
AffectNet loading: 5,650,000/5,822,624 samples (iteration 410, line 13,241/28,176)
AffectNet loading: 5,730,000/5,822,624 samples (iteration 416, line 5,541/28,176)
AffectNet loading: 5,730,000/5,822,624 samples (iteration 416, line 5,542/28,176)
AffectNet loading: 5,730,000/5,822,624 samples (iteration 416, line 5,543/28,176)
AffectNet loading: 5,780,000/5,822,624 samples (iteration 419, line 22,786/28,176)
AffectNet loading: 5,660,000/5,822,624 samples (iteration 411, line 2,421/28,176)
AffectNet loading: 5,740,000/5,822,624 samples (iteration 416, line 24,223/28,176)
AffectNet loading: 5,790,000/5,822,624 samples (iteration 420, line 17,761/28,176)
AffectNet loading: 5,670,000/5,822,624 samples (iteration 411, line 23,212/28,176)
AffectNet loading: 5,750,000/5,822,624 samples (iteration 417, line 19,610/28,176)
AffectNet loading: 5,800,000/5,822,624 samples (iteration 421, line 7,916/28,176)
AffectNet loading: 5,680,000/5,822,624 samples (iteration 412, line 18,306/28,176)
AffectNet loading: 5,680,000/5,822,624 samples (iteration 412, line 18,307/28,176)
AffectNet loading: 5,760,000/5,822,624 samples (iteration 418, line 10,893/28,176)
AffectNet loading: 5,810,000/5,822,624 samples (iteration 421, line 27,098/28,176)
AffectNet loading: 5,690,000/5,822,624 samples (iteration 413, line 9,904/28,176)
AffectNet loading: 5,770,000/5,822,624 samples (iteration 419, line 1,985/28,176)
AffectNet loading: 5,820,000/5,822,624 samples (iteration 422, line 21,335/28,176)
AffectNet loading: 5,700,000/5,822,624 samples (iteration 413, line 27,529/28,176)
AffectNet loading: 5,780,000/5,822,624 samples (iteration 419, line 22,786/28,176)
AffectNet loading: 5,710,000/5,822,624 samples (iteration 414, line 21,774/28,176)
Expression dataset loaded: 5822624 samples
AffectNet loading: 5,790,000/5,822,624 samples (iteration 420, line 17,761/28,176)
AffectNet loading: 5,720,000/5,822,624 samples (iteration 415, line 14,468/28,176)
AffectNet loading: 5,800,000/5,822,624 samples (iteration 421, line 7,916/28,176)
AffectNet loading: 5,730,000/5,822,624 samples (iteration 416, line 5,541/28,176)
AffectNet loading: 5,730,000/5,822,624 samples (iteration 416, line 5,542/28,176)
AffectNet loading: 5,730,000/5,822,624 samples (iteration 416, line 5,543/28,176)
AffectNet loading: 5,810,000/5,822,624 samples (iteration 421, line 27,098/28,176)
AffectNet loading: 5,740,000/5,822,624 samples (iteration 416, line 24,223/28,176)
AffectNet loading: 5,820,000/5,822,624 samples (iteration 422, line 21,335/28,176)
AffectNet loading: 5,750,000/5,822,624 samples (iteration 417, line 19,610/28,176)
AffectNet loading: 5,760,000/5,822,624 samples (iteration 418, line 10,893/28,176)
Expression dataset loaded: 5822624 samples
AffectNet loading: 5,770,000/5,822,624 samples (iteration 419, line 1,985/28,176)
AffectNet loading: 5,780,000/5,822,624 samples (iteration 419, line 22,786/28,176)
/venv/main/lib/python3.12/site-packages/torch/functional.py:505: UserWarning: torch.meshgrid: in an upcoming release, it will be required to pass the indexing argument. (Triggered internally at /pytorch/aten/src/ATen/native/TensorShape.cpp:4317.)
  return _VF.meshgrid(tensors, **kwargs)  # type: ignore[attr-defined]
/venv/main/lib/python3.12/site-packages/torch/functional.py:505: UserWarning: torch.meshgrid: in an upcoming release, it will be required to pass the indexing argument. (Triggered internally at /pytorch/aten/src/ATen/native/TensorShape.cpp:4317.)
  return _VF.meshgrid(tensors, **kwargs)  # type: ignore[attr-defined]
AffectNet loading: 5,790,000/5,822,624 samples (iteration 420, line 17,761/28,176)
AffectNet loading: 5,800,000/5,822,624 samples (iteration 421, line 7,916/28,176)
AffectNet loading: 5,810,000/5,822,624 samples (iteration 421, line 27,098/28,176)
AffectNet loading: 5,820,000/5,822,624 samples (iteration 422, line 21,335/28,176)
Expression dataset loaded: 5822624 samples
/venv/main/lib/python3.12/site-packages/torch/functional.py:505: UserWarning: torch.meshgrid: in an upcoming release, it will be required to pass the indexing argument. (Triggered internally at /pytorch/aten/src/ATen/native/TensorShape.cpp:4317.)
  return _VF.meshgrid(tensors, **kwargs)  # type: ignore[attr-defined]
/venv/main/lib/python3.12/site-packages/torch/nn/parallel/distributed.py:2372: UserWarning: You passed find_unused_parameters=true to DistributedDataParallel, `_set_static_graph` will detect unused parameters automatically, so you do not need to set find_unused_parameters=true, just be sure these unused parameters will not change during training loop while calling `_set_static_graph`.
  warnings.warn(
/venv/main/lib/python3.12/site-packages/torch/nn/parallel/distributed.py:2372: UserWarning: You passed find_unused_parameters=true to DistributedDataParallel, `_set_static_graph` will detect unused parameters automatically, so you do not need to set find_unused_parameters=true, just be sure these unused parameters will not change during training loop while calling `_set_static_graph`.
  warnings.warn(
/venv/main/lib/python3.12/site-packages/torch/nn/parallel/distributed.py:2372: UserWarning: You passed find_unused_parameters=true to DistributedDataParallel, `_set_static_graph` will detect unused parameters automatically, so you do not need to set find_unused_parameters=true, just be sure these unused parameters will not change during training loop while calling `_set_static_graph`.
  warnings.warn(
/venv/main/lib/python3.12/site-packages/torch/nn/parallel/distributed.py:2372: UserWarning: You passed find_unused_parameters=true to DistributedDataParallel, `_set_static_graph` will detect unused parameters automatically, so you do not need to set find_unused_parameters=true, just be sure these unused parameters will not change during training loop while calling `_set_static_graph`.
  warnings.warn(
Training: 2025-12-26 08:07:39,207-: val_targets              []
Training: 2025-12-26 08:07:39,207-: rec                      /workspace/FYP_backup/swinface_project/dataset/ms1m-arcface/ms1m-arcface
Training: 2025-12-26 08:07:39,207-: num_classes              85742
Training: 2025-12-26 08:07:39,207-: num_image                5822653
Training: 2025-12-26 08:07:39,207-: age_gender_data_path     /workspace/FYP_backup/swinface_project/dataset/imdb-wiki
Training: 2025-12-26 08:07:39,207-: age_gender_data_list     ['IMDB']
Training: 2025-12-26 08:07:39,207-: CelebA_train_data        /workspace/FYP_backup/swinface_project/dataset/celeba/img_align_celeba/img_align_celeba
Training: 2025-12-26 08:07:39,207-: CelebA_train_label       /workspace/FYP_backup/swinface_project/dataset/celeba/list_attr_celeba.csv
Training: 2025-12-26 08:07:39,207-: CelebA_val_data          /workspace/FYP_backup/swinface_project/dataset/celeba/img_align_celeba/img_align_celeba
Training: 2025-12-26 08:07:39,207-: CelebA_val_label         /workspace/FYP_backup/swinface_project/dataset/celeba/list_attr_celeba.csv
Training: 2025-12-26 08:07:39,207-: CelebA_test_data         /workspace/FYP_backup/swinface_project/dataset/celeba/img_align_celeba/img_align_celeba
Training: 2025-12-26 08:07:39,207-: CelebA_test_label        /workspace/FYP_backup/swinface_project/dataset/celeba/list_attr_celeba.csv
Training: 2025-12-26 08:07:39,207-: FGnet_data               <your path>/data/AIO_val/FGnet/data
Training: 2025-12-26 08:07:39,207-: FGnet_label              <your path>/data/AIO_val/FGnet/label.txt
Training: 2025-12-26 08:07:39,208-: RAF_data                 <your path>/data/RAF
Training: 2025-12-26 08:07:39,208-: RAF_label                <your path>/data/RAF_/basic/list_patition_label.txt
Training: 2025-12-26 08:07:39,208-: AffectNet_data           /workspace/FYP_backup/swinface_project/dataset/affectnet/archive (3)/Train
Training: 2025-12-26 08:07:39,208-: AffectNet_label          /workspace/FYP_backup/swinface_project/dataset/affectnet/archive (3)/labels.csv
Training: 2025-12-26 08:07:39,208-: LAP_train_data           <your path>/data/AIO_test/LAP_finetuning/data
Training: 2025-12-26 08:07:39,208-: LAP_train_label          <your path>/data/AIO_test/LAP_finetuning/label.csv
Training: 2025-12-26 08:07:39,208-: LAP_test_data            <your path>/data/AIO_test/LAP_test/data
Training: 2025-12-26 08:07:39,208-: LAP_test_label           <your path>/data/AIO_test/LAP_test/label.csv
Training: 2025-12-26 08:07:39,208-: CLAP_train_data          <your path>/data/AIO_test/LAP_finetuning/data
Training: 2025-12-26 08:07:39,208-: CLAP_train_label         <your path>/data/AIO_test/LAP_finetuning/label.csv
Training: 2025-12-26 08:07:39,208-: CLAP_val_data            <your path>/data/AIO_test/LAP_test/data
Training: 2025-12-26 08:07:39,208-: CLAP_val_label           <your path>/data/AIO_test/LAP_test/label.csv
Training: 2025-12-26 08:07:39,208-: CLAP_test_data           <your path>/data/LAP_test/test
Training: 2025-12-26 08:07:39,208-: CLAP_test_label          <your path>/data/LAP_test/test.csv
Training: 2025-12-26 08:07:39,208-: img_size                 112
Training: 2025-12-26 08:07:39,208-: batch_size               128
Training: 2025-12-26 08:07:39,208-: recognition_bz           32
Training: 2025-12-26 08:07:39,208-: age_gender_bz            32
Training: 2025-12-26 08:07:39,208-: CelebA_bz                32
Training: 2025-12-26 08:07:39,208-: expression_bz            32
Training: 2025-12-26 08:07:39,208-: train_num_workers        2
Training: 2025-12-26 08:07:39,208-: train_pin_memory         True
Training: 2025-12-26 08:07:39,208-: val_batch_size           128
Training: 2025-12-26 08:07:39,208-: val_num_workers          0
Training: 2025-12-26 08:07:39,208-: val_pin_memory           True
Training: 2025-12-26 08:07:39,208-: INTERPOLATION            bicubic
Training: 2025-12-26 08:07:39,208-: RAF_NUM_CLASSES          7
Training: 2025-12-26 08:07:39,208-: RAF_LABEL_SMOOTHING      0.1
Training: 2025-12-26 08:07:39,208-: AUG_COLOR_JITTER         0.4
Training: 2025-12-26 08:07:39,208-: AUG_AUTO_AUGMENT         rand-m9-mstd0.5-inc1
Training: 2025-12-26 08:07:39,208-: AUG_REPROB               0.25
Training: 2025-12-26 08:07:39,208-: AUG_REMODE               pixel
Training: 2025-12-26 08:07:39,208-: AUG_RECOUNT              1
Training: 2025-12-26 08:07:39,208-: AUG_MIXUP                0.0
Training: 2025-12-26 08:07:39,208-: AUG_CUTMIX               0.0
Training: 2025-12-26 08:07:39,208-: AUG_CUTMIX_MINMAX        None
Training: 2025-12-26 08:07:39,208-: AUG_MIXUP_PROB           1.0
Training: 2025-12-26 08:07:39,208-: AUG_MIXUP_SWITCH_PROB    0.5
Training: 2025-12-26 08:07:39,208-: AUG_MIXUP_MODE           batch
Training: 2025-12-26 08:07:39,208-: AUG_SCALE_SET            True
Training: 2025-12-26 08:07:39,208-: AUG_SCALE_SCALE          (1.0, 1.0)
Training: 2025-12-26 08:07:39,208-: AUG_SCALE_RATIO          (1.0, 1.0)
Training: 2025-12-26 08:07:39,208-: network                  swin_t
Training: 2025-12-26 08:07:39,208-: fam_kernel_size          3
Training: 2025-12-26 08:07:39,208-: fam_in_chans             2112
Training: 2025-12-26 08:07:39,208-: fam_conv_shared          False
Training: 2025-12-26 08:07:39,208-: fam_conv_mode            split
Training: 2025-12-26 08:07:39,208-: fam_channel_attention    CBAM
Training: 2025-12-26 08:07:39,208-: fam_spatial_attention    None
Training: 2025-12-26 08:07:39,208-: fam_pooling              max
Training: 2025-12-26 08:07:39,208-: fam_la_num_list          [2, 2, 2, 2, 2, 2, 2, 2, 2, 2, 2]
Training: 2025-12-26 08:07:39,208-: fam_feature              all
Training: 2025-12-26 08:07:39,208-: fam                      3x3_2112_F_s_C_N_max
Training: 2025-12-26 08:07:39,208-: embedding_size           512
Training: 2025-12-26 08:07:39,209-: resume                   False
Training: 2025-12-26 08:07:39,209-: resume_step              0
Training: 2025-12-26 08:07:39,209-: init                     False
Training: 2025-12-26 08:07:39,209-: init_model               <your path>/insightface/output/arcface_torch/init/
Training: 2025-12-26 08:07:39,209-: warmup_step              8000
Training: 2025-12-26 08:07:39,209-: total_step               80000
Training: 2025-12-26 08:07:39,209-: optimizer                adamw
Training: 2025-12-26 08:07:39,209-: lr                       0.0005
Training: 2025-12-26 08:07:39,209-: weight_decay             0.05
Training: 2025-12-26 08:07:39,209-: lr_name                  cosine
Training: 2025-12-26 08:07:39,209-: warmup_lr                5e-07
Training: 2025-12-26 08:07:39,209-: min_lr                   5e-06
Training: 2025-12-26 08:07:39,209-: decay_epoch              10
Training: 2025-12-26 08:07:39,209-: decay_rate               0.1
Training: 2025-12-26 08:07:39,209-: margin_list              (1.0, 0.0, 0.4)
Training: 2025-12-26 08:07:39,209-: sample_rate              0.3
Training: 2025-12-26 08:07:39,209-: interclass_filtering_threshold0
Training: 2025-12-26 08:07:39,209-: recognition_loss_weight  1.0
Training: 2025-12-26 08:07:39,209-: analysis_loss_weights    [1.0, 1.0, 1.0, 1.0, 1.0, 1.0, 1.0, 1.0, 1.0, 1.0, 1.0, 1.0, 1.0, 1.0, 1.0, 1.0, 1.0, 1.0, 1.0, 1.0, 1.0, 1.0, 1.0, 1.0, 1.0, 1.0, 1.0, 1.0, 1.0, 1.0, 1.0, 1.0, 1.0, 1.0, 1.0, 1.0, 1.0, 1.0, 1.0, 1.0, 1.0, 1.0]
Training: 2025-12-26 08:07:39,209-: fp16                     True
Training: 2025-12-26 08:07:39,209-: dali                     False
Training: 2025-12-26 08:07:39,209-: seed                     2048
Training: 2025-12-26 08:07:39,209-: save_all_states          True
Training: 2025-12-26 08:07:39,209-: output                   /workspace/FYP_backup/swinface_project/output
Training: 2025-12-26 08:07:39,209-: verbose                  2000
Training: 2025-12-26 08:07:39,209-: save_verbose             4000
Training: 2025-12-26 08:07:39,209-: frequent                 10
Training: 2025-12-26 08:07:39,209-: total_batch_size         512
Training: 2025-12-26 08:07:39,209-: epoch_step               45489
Training: 2025-12-26 08:07:39,209-: num_epoch                2
⚠️  Warning: FGNet validation dataset not found, skipping: [Errno 2] No such file or directory: '<your path>/data/AIO_val/FGnet/label.txt'
⚠️  Warning: LAP validation dataset not found, skipping: [Errno 2] No such file or directory: '<your path>/data/AIO_test/LAP_test/label.csv'
/workspace/FYP_backup/swinface_project/train.py:247: FutureWarning: `torch.cuda.amp.GradScaler(args...)` is deprecated. Please use `torch.amp.GradScaler('cuda', args...)` instead.
  amp = torch.cuda.amp.grad_scaler.GradScaler(growth_interval=100)
⚠️  Warning: RAF validation dataset not found, skipping: [Errno 2] No such file or directory: '<your path>/data/RAF_/basic/list_patition_label.txt'
/workspace/FYP_backup/swinface_project/train.py:247: FutureWarning: `torch.cuda.amp.GradScaler(args...)` is deprecated. Please use `torch.amp.GradScaler('cuda', args...)` instead.
  amp = torch.cuda.amp.grad_scaler.GradScaler(growth_interval=100)
/workspace/FYP_backup/swinface_project/train.py:247: FutureWarning: `torch.cuda.amp.GradScaler(args...)` is deprecated. Please use `torch.amp.GradScaler('cuda', args...)` instead.
  amp = torch.cuda.amp.grad_scaler.GradScaler(growth_interval=100)
/workspace/FYP_backup/swinface_project/train.py:247: FutureWarning: `torch.cuda.amp.GradScaler(args...)` is deprecated. Please use `torch.amp.GradScaler('cuda', args...)` instead.
  amp = torch.cuda.amp.grad_scaler.GradScaler(growth_interval=100)
/workspace/FYP_backup/swinface_project/dataset.py:242: FutureWarning: Decorating classes is deprecated and will be disabled in future versions. You should only decorate functions or methods. To preserve the current behavior of class decoration, you can directly decorate the `__init__` method and nothing else.
  @torch.no_grad()
/workspace/FYP_backup/swinface_project/dataset.py:242: FutureWarning: Decorating classes is deprecated and will be disabled in future versions. You should only decorate functions or methods. To preserve the current behavior of class decoration, you can directly decorate the `__init__` method and nothing else.
  @torch.no_grad()
/workspace/FYP_backup/swinface_project/dataset.py:242: FutureWarning: Decorating classes is deprecated and will be disabled in future versions. You should only decorate functions or methods. To preserve the current behavior of class decoration, you can directly decorate the `__init__` method and nothing else.
  @torch.no_grad()
/workspace/FYP_backup/swinface_project/dataset.py:242: FutureWarning: Decorating classes is deprecated and will be disabled in future versions. You should only decorate functions or methods. To preserve the current behavior of class decoration, you can directly decorate the `__init__` method and nothing else.
  @torch.no_grad()
/venv/main/lib/python3.12/site-packages/timm/models/layers/__init__.py:48: FutureWarning: Importing from timm.models.layers is deprecated, please import via timm.layers
  warnings.warn(f"Importing from {__name__} is deprecated, please import via timm.layers", FutureWarning)
/venv/main/lib/python3.12/site-packages/timm/models/layers/__init__.py:48: FutureWarning: Importing from timm.models.layers is deprecated, please import via timm.layers
  warnings.warn(f"Importing from {__name__} is deprecated, please import via timm.layers", FutureWarning)
/venv/main/lib/python3.12/site-packages/timm/models/layers/__init__.py:48: FutureWarning: Importing from timm.models.layers is deprecated, please import via timm.layers
  warnings.warn(f"Importing from {__name__} is deprecated, please import via timm.layers", FutureWarning)
/venv/main/lib/python3.12/site-packages/timm/models/layers/__init__.py:48: FutureWarning: Importing from timm.models.layers is deprecated, please import via timm.layers
  warnings.warn(f"Importing from {__name__} is deprecated, please import via timm.layers", FutureWarning)
/workspace/FYP_backup/swinface_project/dataset.py:242: FutureWarning: Decorating classes is deprecated and will be disabled in future versions. You should only decorate functions or methods. To preserve the current behavior of class decoration, you can directly decorate the `__init__` method and nothing else.
  @torch.no_grad()
/venv/main/lib/python3.12/site-packages/timm/models/layers/__init__.py:48: FutureWarning: Importing from timm.models.layers is deprecated, please import via timm.layers
  warnings.warn(f"Importing from {__name__} is deprecated, please import via timm.layers", FutureWarning)
/workspace/FYP_backup/swinface_project/dataset.py:242: FutureWarning: Decorating classes is deprecated and will be disabled in future versions. You should only decorate functions or methods. To preserve the current behavior of class decoration, you can directly decorate the `__init__` method and nothing else.
  @torch.no_grad()
/venv/main/lib/python3.12/site-packages/timm/models/layers/__init__.py:48: FutureWarning: Importing from timm.models.layers is deprecated, please import via timm.layers
  warnings.warn(f"Importing from {__name__} is deprecated, please import via timm.layers", FutureWarning)
/workspace/FYP_backup/swinface_project/dataset.py:242: FutureWarning: Decorating classes is deprecated and will be disabled in future versions. You should only decorate functions or methods. To preserve the current behavior of class decoration, you can directly decorate the `__init__` method and nothing else.
  @torch.no_grad()
/venv/main/lib/python3.12/site-packages/timm/models/layers/__init__.py:48: FutureWarning: Importing from timm.models.layers is deprecated, please import via timm.layers
  warnings.warn(f"Importing from {__name__} is deprecated, please import via timm.layers", FutureWarning)
/workspace/FYP_backup/swinface_project/dataset.py:242: FutureWarning: Decorating classes is deprecated and will be disabled in future versions. You should only decorate functions or methods. To preserve the current behavior of class decoration, you can directly decorate the `__init__` method and nothing else.
  @torch.no_grad()
/venv/main/lib/python3.12/site-packages/timm/models/layers/__init__.py:48: FutureWarning: Importing from timm.models.layers is deprecated, please import via timm.layers
  warnings.warn(f"Importing from {__name__} is deprecated, please import via timm.layers", FutureWarning)
/workspace/FYP_backup/swinface_project/dataset.py:242: FutureWarning: Decorating classes is deprecated and will be disabled in future versions. You should only decorate functions or methods. To preserve the current behavior of class decoration, you can directly decorate the `__init__` method and nothing else.
  @torch.no_grad()
/venv/main/lib/python3.12/site-packages/timm/models/layers/__init__.py:48: FutureWarning: Importing from timm.models.layers is deprecated, please import via timm.layers
  warnings.warn(f"Importing from {__name__} is deprecated, please import via timm.layers", FutureWarning)
/workspace/FYP_backup/swinface_project/dataset.py:242: FutureWarning: Decorating classes is deprecated and will be disabled in future versions. You should only decorate functions or methods. To preserve the current behavior of class decoration, you can directly decorate the `__init__` method and nothing else.
  @torch.no_grad()
/venv/main/lib/python3.12/site-packages/timm/models/layers/__init__.py:48: FutureWarning: Importing from timm.models.layers is deprecated, please import via timm.layers
  warnings.warn(f"Importing from {__name__} is deprecated, please import via timm.layers", FutureWarning)
/workspace/FYP_backup/swinface_project/dataset.py:242: FutureWarning: Decorating classes is deprecated and will be disabled in future versions. You should only decorate functions or methods. To preserve the current behavior of class decoration, you can directly decorate the `__init__` method and nothing else.
  @torch.no_grad()
/venv/main/lib/python3.12/site-packages/timm/models/layers/__init__.py:48: FutureWarning: Importing from timm.models.layers is deprecated, please import via timm.layers
  warnings.warn(f"Importing from {__name__} is deprecated, please import via timm.layers", FutureWarning)
/workspace/FYP_backup/swinface_project/dataset.py:242: FutureWarning: Decorating classes is deprecated and will be disabled in future versions. You should only decorate functions or methods. To preserve the current behavior of class decoration, you can directly decorate the `__init__` method and nothing else.
  @torch.no_grad()
/venv/main/lib/python3.12/site-packages/timm/models/layers/__init__.py:48: FutureWarning: Importing from timm.models.layers is deprecated, please import via timm.layers
  warnings.warn(f"Importing from {__name__} is deprecated, please import via timm.layers", FutureWarning)
/workspace/FYP_backup/swinface_project/dataset.py:242: FutureWarning: Decorating classes is deprecated and will be disabled in future versions. You should only decorate functions or methods. To preserve the current behavior of class decoration, you can directly decorate the `__init__` method and nothing else.
  @torch.no_grad()
/venv/main/lib/python3.12/site-packages/timm/models/layers/__init__.py:48: FutureWarning: Importing from timm.models.layers is deprecated, please import via timm.layers
  warnings.warn(f"Importing from {__name__} is deprecated, please import via timm.layers", FutureWarning)
/workspace/FYP_backup/swinface_project/dataset.py:242: FutureWarning: Decorating classes is deprecated and will be disabled in future versions. You should only decorate functions or methods. To preserve the current behavior of class decoration, you can directly decorate the `__init__` method and nothing else.
  @torch.no_grad()
/venv/main/lib/python3.12/site-packages/timm/models/layers/__init__.py:48: FutureWarning: Importing from timm.models.layers is deprecated, please import via timm.layers
  warnings.warn(f"Importing from {__name__} is deprecated, please import via timm.layers", FutureWarning)
/workspace/FYP_backup/swinface_project/dataset.py:242: FutureWarning: Decorating classes is deprecated and will be disabled in future versions. You should only decorate functions or methods. To preserve the current behavior of class decoration, you can directly decorate the `__init__` method and nothing else.
  @torch.no_grad()
/venv/main/lib/python3.12/site-packages/timm/models/layers/__init__.py:48: FutureWarning: Importing from timm.models.layers is deprecated, please import via timm.layers
  warnings.warn(f"Importing from {__name__} is deprecated, please import via timm.layers", FutureWarning)
/workspace/FYP_backup/swinface_project/dataset.py:242: FutureWarning: Decorating classes is deprecated and will be disabled in future versions. You should only decorate functions or methods. To preserve the current behavior of class decoration, you can directly decorate the `__init__` method and nothing else.
  @torch.no_grad()
/venv/main/lib/python3.12/site-packages/timm/models/layers/__init__.py:48: FutureWarning: Importing from timm.models.layers is deprecated, please import via timm.layers
  warnings.warn(f"Importing from {__name__} is deprecated, please import via timm.layers", FutureWarning)
/workspace/FYP_backup/swinface_project/dataset.py:242: FutureWarning: Decorating classes is deprecated and will be disabled in future versions. You should only decorate functions or methods. To preserve the current behavior of class decoration, you can directly decorate the `__init__` method and nothing else.
  @torch.no_grad()
/venv/main/lib/python3.12/site-packages/timm/models/layers/__init__.py:48: FutureWarning: Importing from timm.models.layers is deprecated, please import via timm.layers
  warnings.warn(f"Importing from {__name__} is deprecated, please import via timm.layers", FutureWarning)
/workspace/FYP_backup/swinface_project/dataset.py:242: FutureWarning: Decorating classes is deprecated and will be disabled in future versions. You should only decorate functions or methods. To preserve the current behavior of class decoration, you can directly decorate the `__init__` method and nothing else.
  @torch.no_grad()
/venv/main/lib/python3.12/site-packages/timm/models/layers/__init__.py:48: FutureWarning: Importing from timm.models.layers is deprecated, please import via timm.layers
  warnings.warn(f"Importing from {__name__} is deprecated, please import via timm.layers", FutureWarning)
/workspace/FYP_backup/swinface_project/dataset.py:242: FutureWarning: Decorating classes is deprecated and will be disabled in future versions. You should only decorate functions or methods. To preserve the current behavior of class decoration, you can directly decorate the `__init__` method and nothing else.
  @torch.no_grad()
/venv/main/lib/python3.12/site-packages/timm/models/layers/__init__.py:48: FutureWarning: Importing from timm.models.layers is deprecated, please import via timm.layers
  warnings.warn(f"Importing from {__name__} is deprecated, please import via timm.layers", FutureWarning)
/workspace/FYP_backup/swinface_project/dataset.py:242: FutureWarning: Decorating classes is deprecated and will be disabled in future versions. You should only decorate functions or methods. To preserve the current behavior of class decoration, you can directly decorate the `__init__` method and nothing else.
  @torch.no_grad()
/venv/main/lib/python3.12/site-packages/timm/models/layers/__init__.py:48: FutureWarning: Importing from timm.models.layers is deprecated, please import via timm.layers
  warnings.warn(f"Importing from {__name__} is deprecated, please import via timm.layers", FutureWarning)
/workspace/FYP_backup/swinface_project/dataset.py:242: FutureWarning: Decorating classes is deprecated and will be disabled in future versions. You should only decorate functions or methods. To preserve the current behavior of class decoration, you can directly decorate the `__init__` method and nothing else.
  @torch.no_grad()
/venv/main/lib/python3.12/site-packages/timm/models/layers/__init__.py:48: FutureWarning: Importing from timm.models.layers is deprecated, please import via timm.layers
  warnings.warn(f"Importing from {__name__} is deprecated, please import via timm.layers", FutureWarning)
/workspace/FYP_backup/swinface_project/dataset.py:242: FutureWarning: Decorating classes is deprecated and will be disabled in future versions. You should only decorate functions or methods. To preserve the current behavior of class decoration, you can directly decorate the `__init__` method and nothing else.
  @torch.no_grad()
/venv/main/lib/python3.12/site-packages/timm/models/layers/__init__.py:48: FutureWarning: Importing from timm.models.layers is deprecated, please import via timm.layers
  warnings.warn(f"Importing from {__name__} is deprecated, please import via timm.layers", FutureWarning)
/workspace/FYP_backup/swinface_project/dataset.py:242: FutureWarning: Decorating classes is deprecated and will be disabled in future versions. You should only decorate functions or methods. To preserve the current behavior of class decoration, you can directly decorate the `__init__` method and nothing else.
  @torch.no_grad()
/venv/main/lib/python3.12/site-packages/timm/models/layers/__init__.py:48: FutureWarning: Importing from timm.models.layers is deprecated, please import via timm.layers
  warnings.warn(f"Importing from {__name__} is deprecated, please import via timm.layers", FutureWarning)
/workspace/FYP_backup/swinface_project/dataset.py:242: FutureWarning: Decorating classes is deprecated and will be disabled in future versions. You should only decorate functions or methods. To preserve the current behavior of class decoration, you can directly decorate the `__init__` method and nothing else.
  @torch.no_grad()
/venv/main/lib/python3.12/site-packages/timm/models/layers/__init__.py:48: FutureWarning: Importing from timm.models.layers is deprecated, please import via timm.layers
  warnings.warn(f"Importing from {__name__} is deprecated, please import via timm.layers", FutureWarning)
/workspace/FYP_backup/swinface_project/dataset.py:242: FutureWarning: Decorating classes is deprecated and will be disabled in future versions. You should only decorate functions or methods. To preserve the current behavior of class decoration, you can directly decorate the `__init__` method and nothing else.
  @torch.no_grad()
/venv/main/lib/python3.12/site-packages/timm/models/layers/__init__.py:48: FutureWarning: Importing from timm.models.layers is deprecated, please import via timm.layers
  warnings.warn(f"Importing from {__name__} is deprecated, please import via timm.layers", FutureWarning)
/workspace/FYP_backup/swinface_project/dataset.py:242: FutureWarning: Decorating classes is deprecated and will be disabled in future versions. You should only decorate functions or methods. To preserve the current behavior of class decoration, you can directly decorate the `__init__` method and nothing else.
  @torch.no_grad()
/venv/main/lib/python3.12/site-packages/timm/models/layers/__init__.py:48: FutureWarning: Importing from timm.models.layers is deprecated, please import via timm.layers
  warnings.warn(f"Importing from {__name__} is deprecated, please import via timm.layers", FutureWarning)
/workspace/FYP_backup/swinface_project/dataset.py:242: FutureWarning: Decorating classes is deprecated and will be disabled in future versions. You should only decorate functions or methods. To preserve the current behavior of class decoration, you can directly decorate the `__init__` method and nothing else.
  @torch.no_grad()
/venv/main/lib/python3.12/site-packages/timm/models/layers/__init__.py:48: FutureWarning: Importing from timm.models.layers is deprecated, please import via timm.layers
  warnings.warn(f"Importing from {__name__} is deprecated, please import via timm.layers", FutureWarning)
/workspace/FYP_backup/swinface_project/dataset.py:242: FutureWarning: Decorating classes is deprecated and will be disabled in future versions. You should only decorate functions or methods. To preserve the current behavior of class decoration, you can directly decorate the `__init__` method and nothing else.
  @torch.no_grad()
/venv/main/lib/python3.12/site-packages/timm/models/layers/__init__.py:48: FutureWarning: Importing from timm.models.layers is deprecated, please import via timm.layers
  warnings.warn(f"Importing from {__name__} is deprecated, please import via timm.layers", FutureWarning)
/workspace/FYP_backup/swinface_project/dataset.py:242: FutureWarning: Decorating classes is deprecated and will be disabled in future versions. You should only decorate functions or methods. To preserve the current behavior of class decoration, you can directly decorate the `__init__` method and nothing else.
  @torch.no_grad()
/venv/main/lib/python3.12/site-packages/timm/models/layers/__init__.py:48: FutureWarning: Importing from timm.models.layers is deprecated, please import via timm.layers
  warnings.warn(f"Importing from {__name__} is deprecated, please import via timm.layers", FutureWarning)
/workspace/FYP_backup/swinface_project/dataset.py:242: FutureWarning: Decorating classes is deprecated and will be disabled in future versions. You should only decorate functions or methods. To preserve the current behavior of class decoration, you can directly decorate the `__init__` method and nothing else.
  @torch.no_grad()
/venv/main/lib/python3.12/site-packages/timm/models/layers/__init__.py:48: FutureWarning: Importing from timm.models.layers is deprecated, please import via timm.layers
  warnings.warn(f"Importing from {__name__} is deprecated, please import via timm.layers", FutureWarning)
/workspace/FYP_backup/swinface_project/dataset.py:242: FutureWarning: Decorating classes is deprecated and will be disabled in future versions. You should only decorate functions or methods. To preserve the current behavior of class decoration, you can directly decorate the `__init__` method and nothing else.
  @torch.no_grad()
/venv/main/lib/python3.12/site-packages/timm/models/layers/__init__.py:48: FutureWarning: Importing from timm.models.layers is deprecated, please import via timm.layers
  warnings.warn(f"Importing from {__name__} is deprecated, please import via timm.layers", FutureWarning)
/workspace/FYP_backup/swinface_project/dataset.py:242: FutureWarning: Decorating classes is deprecated and will be disabled in future versions. You should only decorate functions or methods. To preserve the current behavior of class decoration, you can directly decorate the `__init__` method and nothing else.
  @torch.no_grad()
/venv/main/lib/python3.12/site-packages/timm/models/layers/__init__.py:48: FutureWarning: Importing from timm.models.layers is deprecated, please import via timm.layers
  warnings.warn(f"Importing from {__name__} is deprecated, please import via timm.layers", FutureWarning)
/workspace/FYP_backup/swinface_project/backbones/swin.py:112: FutureWarning: `torch.cuda.amp.autocast(args...)` is deprecated. Please use `torch.amp.autocast('cuda', args...)` instead.
  with torch.cuda.amp.autocast(True):
/workspace/FYP_backup/swinface_project/backbones/swin.py:112: FutureWarning: `torch.cuda.amp.autocast(args...)` is deprecated. Please use `torch.amp.autocast('cuda', args...)` instead.
  with torch.cuda.amp.autocast(True):
/workspace/FYP_backup/swinface_project/backbones/swin.py:116: FutureWarning: `torch.cuda.amp.autocast(args...)` is deprecated. Please use `torch.amp.autocast('cuda', args...)` instead.
  with torch.cuda.amp.autocast(False):
/workspace/FYP_backup/swinface_project/backbones/swin.py:116: FutureWarning: `torch.cuda.amp.autocast(args...)` is deprecated. Please use `torch.amp.autocast('cuda', args...)` instead.
  with torch.cuda.amp.autocast(False):
/workspace/FYP_backup/swinface_project/backbones/swin.py:139: FutureWarning: `torch.cuda.amp.autocast(args...)` is deprecated. Please use `torch.amp.autocast('cuda', args...)` instead.
  with torch.cuda.amp.autocast(True):
/workspace/FYP_backup/swinface_project/backbones/swin.py:266: FutureWarning: `torch.cuda.amp.autocast(args...)` is deprecated. Please use `torch.amp.autocast('cuda', args...)` instead.
  with torch.cuda.amp.autocast(True):
/workspace/FYP_backup/swinface_project/backbones/swin.py:139: FutureWarning: `torch.cuda.amp.autocast(args...)` is deprecated. Please use `torch.amp.autocast('cuda', args...)` instead.
  with torch.cuda.amp.autocast(True):
/workspace/FYP_backup/swinface_project/backbones/swin.py:266: FutureWarning: `torch.cuda.amp.autocast(args...)` is deprecated. Please use `torch.amp.autocast('cuda', args...)` instead.
  with torch.cuda.amp.autocast(True):
/workspace/FYP_backup/swinface_project/backbones/swin.py:112: FutureWarning: `torch.cuda.amp.autocast(args...)` is deprecated. Please use `torch.amp.autocast('cuda', args...)` instead.
  with torch.cuda.amp.autocast(True):
/workspace/FYP_backup/swinface_project/backbones/swin.py:112: FutureWarning: `torch.cuda.amp.autocast(args...)` is deprecated. Please use `torch.amp.autocast('cuda', args...)` instead.
  with torch.cuda.amp.autocast(True):
/workspace/FYP_backup/swinface_project/backbones/swin.py:116: FutureWarning: `torch.cuda.amp.autocast(args...)` is deprecated. Please use `torch.amp.autocast('cuda', args...)` instead.
  with torch.cuda.amp.autocast(False):
/workspace/FYP_backup/swinface_project/backbones/swin.py:116: FutureWarning: `torch.cuda.amp.autocast(args...)` is deprecated. Please use `torch.amp.autocast('cuda', args...)` instead.
  with torch.cuda.amp.autocast(False):
/workspace/FYP_backup/swinface_project/backbones/swin.py:139: FutureWarning: `torch.cuda.amp.autocast(args...)` is deprecated. Please use `torch.amp.autocast('cuda', args...)` instead.
  with torch.cuda.amp.autocast(True):
/workspace/FYP_backup/swinface_project/backbones/swin.py:266: FutureWarning: `torch.cuda.amp.autocast(args...)` is deprecated. Please use `torch.amp.autocast('cuda', args...)` instead.
  with torch.cuda.amp.autocast(True):
/workspace/FYP_backup/swinface_project/backbones/swin.py:139: FutureWarning: `torch.cuda.amp.autocast(args...)` is deprecated. Please use `torch.amp.autocast('cuda', args...)` instead.
  with torch.cuda.amp.autocast(True):
/workspace/FYP_backup/swinface_project/backbones/swin.py:266: FutureWarning: `torch.cuda.amp.autocast(args...)` is deprecated. Please use `torch.amp.autocast('cuda', args...)` instead.
  with torch.cuda.amp.autocast(True):
/workspace/FYP_backup/swinface_project/partial_fc.py:425: FutureWarning: `torch.cuda.amp.autocast(args...)` is deprecated. Please use `torch.amp.autocast('cuda', args...)` instead.
  with torch.cuda.amp.autocast(self.fp16):
/workspace/FYP_backup/swinface_project/partial_fc.py:425: FutureWarning: `torch.cuda.amp.autocast(args...)` is deprecated. Please use `torch.amp.autocast('cuda', args...)` instead.
  with torch.cuda.amp.autocast(self.fp16):
/workspace/FYP_backup/swinface_project/partial_fc.py:425: FutureWarning: `torch.cuda.amp.autocast(args...)` is deprecated. Please use `torch.amp.autocast('cuda', args...)` instead.
  with torch.cuda.amp.autocast(self.fp16):
/workspace/FYP_backup/swinface_project/partial_fc.py:425: FutureWarning: `torch.cuda.amp.autocast(args...)` is deprecated. Please use `torch.amp.autocast('cuda', args...)` instead.
  with torch.cuda.amp.autocast(self.fp16):
[rank0]:[W1226 08:08:55.692347782 ProcessGroupNCCL.cpp:1524] Warning: WARNING: destroy_process_group() was not called before program exit, which can leak resources. For more info, please see https://pytorch.org/docs/stable/distributed.html#shutdown (function operator())
[rank0]:[W1226 08:08:55.844174709 ProcessGroupNCCL.cpp:1524] Warning: WARNING: destroy_process_group() was not called before program exit, which can leak resources. For more info, please see https://pytorch.org/docs/stable/distributed.html#shutdown (function operator())
[rank0]:[W1226 08:08:59.483592915 ProcessGroupNCCL.cpp:1524] Warning: WARNING: destroy_process_group() was not called before program exit, which can leak resources. For more info, please see https://pytorch.org/docs/stable/distributed.html#shutdown (function operator())
[rank0]:[W1226 08:08:59.677574303 ProcessGroupNCCL.cpp:1524] Warning: WARNING: destroy_process_group() was not called before program exit, which can leak resources. For more info, please see https://pytorch.org/docs/stable/distributed.html#shutdown (function operator())
[rank0]:[W1226 08:09:02.045378846 ProcessGroupNCCL.cpp:1524] Warning: WARNING: destroy_process_group() was not called before program exit, which can leak resources. For more info, please see https://pytorch.org/docs/stable/distributed.html#shutdown (function operator())
[rank0]:[W1226 08:09:03.360104320 ProcessGroupNCCL.cpp:1524] Warning: WARNING: destroy_process_group() was not called before program exit, which can leak resources. For more info, please see https://pytorch.org/docs/stable/distributed.html#shutdown (function operator())
[rank1]: Traceback (most recent call last):
[rank1]:   File "/workspace/FYP_backup/swinface_project/train.py", line 442, in <module>
[rank1]:     main(args)
[rank1]:   File "/workspace/FYP_backup/swinface_project/train.py", line 346, in main
[rank1]:     amp.step(opt)
[rank1]:   File "/venv/main/lib/python3.12/site-packages/torch/amp/grad_scaler.py", line 462, in step
[rank1]:     retval = self._maybe_opt_step(optimizer, optimizer_state, *args, **kwargs)
[rank1]:              ^^^^^^^^^^^^^^^^^^^^^^^^^^^^^^^^^^^^^^^^^^^^^^^^^^^^^^^^^^^^^^^^^
[rank1]:   File "/venv/main/lib/python3.12/site-packages/torch/amp/grad_scaler.py", line 357, in _maybe_opt_step
[rank1]:     retval = optimizer.step(*args, **kwargs)
[rank1]:              ^^^^^^^^^^^^^^^^^^^^^^^^^^^^^^^
[rank1]:   File "/venv/main/lib/python3.12/site-packages/torch/optim/optimizer.py", line 517, in wrapper
[rank1]:     out = func(*args, **kwargs)
[rank1]:           ^^^^^^^^^^^^^^^^^^^^^
[rank1]:   File "/venv/main/lib/python3.12/site-packages/torch/optim/optimizer.py", line 82, in _use_grad
[rank1]:     ret = func(*args, **kwargs)
[rank1]:           ^^^^^^^^^^^^^^^^^^^^^
[rank1]:   File "/venv/main/lib/python3.12/site-packages/torch/optim/adam.py", line 247, in step
[rank1]:     adam(
[rank1]:   File "/venv/main/lib/python3.12/site-packages/torch/optim/optimizer.py", line 150, in maybe_fallback
[rank1]:     return func(*args, **kwargs)
[rank1]:            ^^^^^^^^^^^^^^^^^^^^^
[rank1]:   File "/venv/main/lib/python3.12/site-packages/torch/optim/adam.py", line 953, in adam
[rank1]:     func(
[rank1]:   File "/venv/main/lib/python3.12/site-packages/torch/optim/adam.py", line 613, in _multi_tensor_adam
[rank1]:     grouped_tensors = Optimizer._group_tensors_by_device_and_dtype(
[rank1]:                       ^^^^^^^^^^^^^^^^^^^^^^^^^^^^^^^^^^^^^^^^^^^^^
[rank1]:   File "/venv/main/lib/python3.12/site-packages/torch/optim/optimizer.py", line 546, in _group_tensors_by_device_and_dtype
[rank1]:     return _group_tensors_by_device_and_dtype(tensorlistlist, with_indices)  # type: ignore[return-value, arg-type]
[rank1]:            ^^^^^^^^^^^^^^^^^^^^^^^^^^^^^^^^^^^^^^^^^^^^^^^^^^^^^^^^^^^^^^^^
[rank1]:   File "/venv/main/lib/python3.12/site-packages/torch/utils/_contextlib.py", line 120, in decorate_context
[rank1]:     return func(*args, **kwargs)
[rank1]:            ^^^^^^^^^^^^^^^^^^^^^
[rank1]:   File "/venv/main/lib/python3.12/site-packages/torch/utils/_foreach_utils.py", line 48, in _group_tensors_by_device_and_dtype
[rank1]:     return torch._C._group_tensors_by_device_and_dtype(tensorlistlist, with_indices)
[rank1]:            ^^^^^^^^^^^^^^^^^^^^^^^^^^^^^^^^^^^^^^^^^^^^^^^^^^^^^^^^^^^^^^^^^^^^^^^^^
[rank1]: RuntimeError: Tensors of the same index must be on the same device and the same dtype except `step` tensors that can be CPU and float32/64 notwithstanding
[rank0]:[W1226 08:09:04.875185345 ProcessGroupNCCL.cpp:1524] Warning: WARNING: destroy_process_group() was not called before program exit, which can leak resources. For more info, please see https://pytorch.org/docs/stable/distributed.html#shutdown (function operator())
[rank0]:[W1226 08:09:04.905394046 ProcessGroupNCCL.cpp:1524] Warning: WARNING: destroy_process_group() was not called before program exit, which can leak resources. For more info, please see https://pytorch.org/docs/stable/distributed.html#shutdown (function operator())
[rank3]: Traceback (most recent call last):
[rank3]:   File "/workspace/FYP_backup/swinface_project/train.py", line 442, in <module>
[rank3]:     main(args)
[rank3]:   File "/workspace/FYP_backup/swinface_project/train.py", line 346, in main
[rank3]:     amp.step(opt)
[rank3]:   File "/venv/main/lib/python3.12/site-packages/torch/amp/grad_scaler.py", line 462, in step
[rank3]:     retval = self._maybe_opt_step(optimizer, optimizer_state, *args, **kwargs)
[rank3]:              ^^^^^^^^^^^^^^^^^^^^^^^^^^^^^^^^^^^^^^^^^^^^^^^^^^^^^^^^^^^^^^^^^
[rank3]:   File "/venv/main/lib/python3.12/site-packages/torch/amp/grad_scaler.py", line 357, in _maybe_opt_step
[rank3]:     retval = optimizer.step(*args, **kwargs)
[rank3]:              ^^^^^^^^^^^^^^^^^^^^^^^^^^^^^^^
[rank3]:   File "/venv/main/lib/python3.12/site-packages/torch/optim/optimizer.py", line 517, in wrapper
[rank3]:     out = func(*args, **kwargs)
[rank3]:           ^^^^^^^^^^^^^^^^^^^^^
[rank3]:   File "/venv/main/lib/python3.12/site-packages/torch/optim/optimizer.py", line 82, in _use_grad
[rank3]:     ret = func(*args, **kwargs)
[rank3]:           ^^^^^^^^^^^^^^^^^^^^^
[rank3]:   File "/venv/main/lib/python3.12/site-packages/torch/optim/adam.py", line 247, in step
[rank3]:     adam(
[rank3]:   File "/venv/main/lib/python3.12/site-packages/torch/optim/optimizer.py", line 150, in maybe_fallback
[rank3]:     return func(*args, **kwargs)
[rank3]:            ^^^^^^^^^^^^^^^^^^^^^
[rank3]:   File "/venv/main/lib/python3.12/site-packages/torch/optim/adam.py", line 953, in adam
[rank3]:     func(
[rank3]:   File "/venv/main/lib/python3.12/site-packages/torch/optim/adam.py", line 613, in _multi_tensor_adam
[rank3]:     grouped_tensors = Optimizer._group_tensors_by_device_and_dtype(
[rank3]:                       ^^^^^^^^^^^^^^^^^^^^^^^^^^^^^^^^^^^^^^^^^^^^^
[rank3]:   File "/venv/main/lib/python3.12/site-packages/torch/optim/optimizer.py", line 546, in _group_tensors_by_device_and_dtype
[rank3]:     return _group_tensors_by_device_and_dtype(tensorlistlist, with_indices)  # type: ignore[return-value, arg-type]
[rank3]:            ^^^^^^^^^^^^^^^^^^^^^^^^^^^^^^^^^^^^^^^^^^^^^^^^^^^^^^^^^^^^^^^^
[rank3]:   File "/venv/main/lib/python3.12/site-packages/torch/utils/_contextlib.py", line 120, in decorate_context
[rank3]:     return func(*args, **kwargs)
[rank3]:            ^^^^^^^^^^^^^^^^^^^^^
[rank3]:   File "/venv/main/lib/python3.12/site-packages/torch/utils/_foreach_utils.py", line 48, in _group_tensors_by_device_and_dtype
[rank3]:     return torch._C._group_tensors_by_device_and_dtype(tensorlistlist, with_indices)
[rank3]:            ^^^^^^^^^^^^^^^^^^^^^^^^^^^^^^^^^^^^^^^^^^^^^^^^^^^^^^^^^^^^^^^^^^^^^^^^^
[rank3]: RuntimeError: Tensors of the same index must be on the same device and the same dtype except `step` tensors that can be CPU and float32/64 notwithstanding
[rank0]: Traceback (most recent call last):
[rank0]:   File "/workspace/FYP_backup/swinface_project/train.py", line 442, in <module>
[rank0]:     main(args)
[rank0]:   File "/workspace/FYP_backup/swinface_project/train.py", line 346, in main
[rank0]:     amp.step(opt)
[rank0]:   File "/venv/main/lib/python3.12/site-packages/torch/amp/grad_scaler.py", line 462, in step
[rank0]:     retval = self._maybe_opt_step(optimizer, optimizer_state, *args, **kwargs)
[rank0]:              ^^^^^^^^^^^^^^^^^^^^^^^^^^^^^^^^^^^^^^^^^^^^^^^^^^^^^^^^^^^^^^^^^
[rank0]:   File "/venv/main/lib/python3.12/site-packages/torch/amp/grad_scaler.py", line 357, in _maybe_opt_step
[rank0]:     retval = optimizer.step(*args, **kwargs)
[rank0]:              ^^^^^^^^^^^^^^^^^^^^^^^^^^^^^^^
[rank0]:   File "/venv/main/lib/python3.12/site-packages/torch/optim/optimizer.py", line 517, in wrapper
[rank0]:     out = func(*args, **kwargs)
[rank0]:           ^^^^^^^^^^^^^^^^^^^^^
[rank0]:   File "/venv/main/lib/python3.12/site-packages/torch/optim/optimizer.py", line 82, in _use_grad
[rank0]:     ret = func(*args, **kwargs)
[rank0]:           ^^^^^^^^^^^^^^^^^^^^^
[rank0]:   File "/venv/main/lib/python3.12/site-packages/torch/optim/adam.py", line 247, in step
[rank0]:     adam(
[rank0]:   File "/venv/main/lib/python3.12/site-packages/torch/optim/optimizer.py", line 150, in maybe_fallback
[rank0]:     return func(*args, **kwargs)
[rank0]:            ^^^^^^^^^^^^^^^^^^^^^
[rank0]:   File "/venv/main/lib/python3.12/site-packages/torch/optim/adam.py", line 953, in adam
[rank0]:     func(
[rank0]:   File "/venv/main/lib/python3.12/site-packages/torch/optim/adam.py", line 613, in _multi_tensor_adam
[rank0]:     grouped_tensors = Optimizer._group_tensors_by_device_and_dtype(
[rank0]:                       ^^^^^^^^^^^^^^^^^^^^^^^^^^^^^^^^^^^^^^^^^^^^^
[rank0]:   File "/venv/main/lib/python3.12/site-packages/torch/optim/optimizer.py", line 546, in _group_tensors_by_device_and_dtype
[rank0]:     return _group_tensors_by_device_and_dtype(tensorlistlist, with_indices)  # type: ignore[return-value, arg-type]
[rank0]:            ^^^^^^^^^^^^^^^^^^^^^^^^^^^^^^^^^^^^^^^^^^^^^^^^^^^^^^^^^^^^^^^^
[rank0]:   File "/venv/main/lib/python3.12/site-packages/torch/utils/_contextlib.py", line 120, in decorate_context
[rank0]:     return func(*args, **kwargs)
[rank0]:            ^^^^^^^^^^^^^^^^^^^^^
[rank0]:   File "/venv/main/lib/python3.12/site-packages/torch/utils/_foreach_utils.py", line 48, in _group_tensors_by_device_and_dtype
[rank0]:     return torch._C._group_tensors_by_device_and_dtype(tensorlistlist, with_indices)
[rank0]:            ^^^^^^^^^^^^^^^^^^^^^^^^^^^^^^^^^^^^^^^^^^^^^^^^^^^^^^^^^^^^^^^^^^^^^^^^^
[rank0]: RuntimeError: Tensors of the same index must be on the same device and the same dtype except `step` tensors that can be CPU and float32/64 notwithstanding
[rank2]: Traceback (most recent call last):
[rank2]:   File "/workspace/FYP_backup/swinface_project/train.py", line 442, in <module>
[rank2]:     main(args)
[rank2]:   File "/workspace/FYP_backup/swinface_project/train.py", line 346, in main
[rank2]:     amp.step(opt)
[rank2]:   File "/venv/main/lib/python3.12/site-packages/torch/amp/grad_scaler.py", line 462, in step
[rank2]:     retval = self._maybe_opt_step(optimizer, optimizer_state, *args, **kwargs)
[rank2]:              ^^^^^^^^^^^^^^^^^^^^^^^^^^^^^^^^^^^^^^^^^^^^^^^^^^^^^^^^^^^^^^^^^
[rank2]:   File "/venv/main/lib/python3.12/site-packages/torch/amp/grad_scaler.py", line 357, in _maybe_opt_step
[rank2]:     retval = optimizer.step(*args, **kwargs)
[rank2]:              ^^^^^^^^^^^^^^^^^^^^^^^^^^^^^^^
[rank2]:   File "/venv/main/lib/python3.12/site-packages/torch/optim/optimizer.py", line 517, in wrapper
[rank2]:     out = func(*args, **kwargs)
[rank2]:           ^^^^^^^^^^^^^^^^^^^^^
[rank2]:   File "/venv/main/lib/python3.12/site-packages/torch/optim/optimizer.py", line 82, in _use_grad
[rank2]:     ret = func(*args, **kwargs)
[rank2]:           ^^^^^^^^^^^^^^^^^^^^^
[rank2]:   File "/venv/main/lib/python3.12/site-packages/torch/optim/adam.py", line 247, in step
[rank2]:     adam(
[rank2]:   File "/venv/main/lib/python3.12/site-packages/torch/optim/optimizer.py", line 150, in maybe_fallback
[rank2]:     return func(*args, **kwargs)
[rank2]:            ^^^^^^^^^^^^^^^^^^^^^
[rank2]:   File "/venv/main/lib/python3.12/site-packages/torch/optim/adam.py", line 953, in adam
[rank2]:     func(
[rank2]:   File "/venv/main/lib/python3.12/site-packages/torch/optim/adam.py", line 613, in _multi_tensor_adam
[rank2]:     grouped_tensors = Optimizer._group_tensors_by_device_and_dtype(
[rank2]:                       ^^^^^^^^^^^^^^^^^^^^^^^^^^^^^^^^^^^^^^^^^^^^^
[rank2]:   File "/venv/main/lib/python3.12/site-packages/torch/optim/optimizer.py", line 546, in _group_tensors_by_device_and_dtype
[rank2]:     return _group_tensors_by_device_and_dtype(tensorlistlist, with_indices)  # type: ignore[return-value, arg-type]
[rank2]:            ^^^^^^^^^^^^^^^^^^^^^^^^^^^^^^^^^^^^^^^^^^^^^^^^^^^^^^^^^^^^^^^^
[rank2]:   File "/venv/main/lib/python3.12/site-packages/torch/utils/_contextlib.py", line 120, in decorate_context
[rank2]:     return func(*args, **kwargs)
[rank2]:            ^^^^^^^^^^^^^^^^^^^^^
[rank2]:   File "/venv/main/lib/python3.12/site-packages/torch/utils/_foreach_utils.py", line 48, in _group_tensors_by_device_and_dtype
[rank2]:     return torch._C._group_tensors_by_device_and_dtype(tensorlistlist, with_indices)
[rank2]:            ^^^^^^^^^^^^^^^^^^^^^^^^^^^^^^^^^^^^^^^^^^^^^^^^^^^^^^^^^^^^^^^^^^^^^^^^^
[rank2]: RuntimeError: Tensors of the same index must be on the same device and the same dtype except `step` tensors that can be CPU and float32/64 notwithstanding
[rank1]:[W1226 08:09:09.100390910 CudaIPCTypes.cpp:16] Producer process has been terminated before all shared CUDA tensors released. See Note [Sharing CUDA tensors]
W1226 08:09:10.254000 7470 site-packages/torch/distributed/elastic/multiprocessing/api.py:908] Sending process 7577 closing signal SIGTERM
W1226 08:09:10.256000 7470 site-packages/torch/distributed/elastic/multiprocessing/api.py:908] Sending process 7579 closing signal SIGTERM
W1226 08:09:10.256000 7470 site-packages/torch/distributed/elastic/multiprocessing/api.py:908] Sending process 7580 closing signal SIGTERM
E1226 08:09:11.075000 7470 site-packages/torch/distributed/elastic/multiprocessing/api.py:882] failed (exitcode: 1) local_rank: 1 (pid: 7578) of binary: /venv/main/bin/python
Traceback (most recent call last):
  File "<frozen runpy>", line 198, in _run_module_as_main
  File "<frozen runpy>", line 88, in _run_code
  File "/venv/main/lib/python3.12/site-packages/torch/distributed/launch.py", line 207, in <module>
    main()
  File "/venv/main/lib/python3.12/site-packages/typing_extensions.py", line 3004, in wrapper
    return arg(*args, **kwargs)
           ^^^^^^^^^^^^^^^^^^^^
  File "/venv/main/lib/python3.12/site-packages/torch/distributed/launch.py", line 203, in main
    launch(args)
  File "/venv/main/lib/python3.12/site-packages/torch/distributed/launch.py", line 188, in launch
    run(args)
  File "/venv/main/lib/python3.12/site-packages/torch/distributed/run.py", line 927, in run
    elastic_launch(
  File "/venv/main/lib/python3.12/site-packages/torch/distributed/launcher/api.py", line 156, in __call__
    return launch_agent(self._config, self._entrypoint, list(args))
           ^^^^^^^^^^^^^^^^^^^^^^^^^^^^^^^^^^^^^^^^^^^^^^^^^^^^^^^^
  File "/venv/main/lib/python3.12/site-packages/torch/distributed/launcher/api.py", line 293, in launch_agent
    raise ChildFailedError(
torch.distributed.elastic.multiprocessing.errors.ChildFailedError: 
============================================================
train.py FAILED
------------------------------------------------------------
Failures:
  <NO_OTHER_FAILURES>
------------------------------------------------------------
Root Cause (first observed failure):
[0]:
  time      : 2025-12-26_08:09:10
  host      : c0f912f2e57a
  rank      : 1 (local_rank: 1)
  exitcode  : 1 (pid: 7578)
  error_file: <N/A>
  traceback : To enable traceback see: https://pytorch.org/docs/stable/elastic/errors.html
============================================================
